season,week,team,fpts_gained,fpts_lost
2018,1,HOU,16.746666646003725,
2018,2,CAR,8.373333323001862,0.0
2018,2,HOU,11.308888864517213,8.589999973773956
2018,2,NE,8.48166664838791,8.589999973773956
2018,2,PHI,4.294999986886978,8.589999973773956
2018,2,TB,6.143333329757055,12.28666665951411
2018,2,TEN,1.8483333428700766,7.393333371480306
2018,2,WAS,4.294999986886978,8.589999973773956
2018,3,ARI,4.294999986886978,5.726666649182637
2018,3,BUF,2.4466666440169016,3.2622221920225356
2018,3,CIN,2.4466666440169016,3.2622221920225356
2018,3,CLE,0.0,0.0
2018,3,DAL,0.0,0.0
2018,3,HOU,4.069999998807907,5.426666665077209
2018,3,KC,4.069999998807907,5.426666665077209
2018,3,MIA,4.069999998807907,8.139999997615813
2018,3,MIN,4.6966666622708235,8.139999997615813
2018,3,NE,0.626666663462917,5.005333407223224
2018,3,NYG,0.626666663462917,3.336888938148816
2018,3,PHI,3.129333367074529,3.336888938148816
2018,3,TB,4.229333384583393,5.639111179444524
2018,3,WAS,6.57266670241952,5.426666665077209
2018,4,CLE,6.57266670241952,8.139999997615813
2018,4,DET,4.069999998807907,8.139999997615813
2018,4,HOU,3.9966666678587597,7.993333335717519
2018,4,LAC,1.653333350022634,6.613333400090536
2018,4,TB,3.306666700045268,6.613333400090536
2018,4,TEN,3.306666700045268,4.4088889333936905
2018,5,ARI,1.653333350022634,3.306666700045268
2018,5,DEN,1.653333350022634,3.306666700045268
2018,5,HOU,2.1733333210150403,4.346666642030081
2018,5,IND,2.1733333210150403,8.693333284060161
2018,5,KC,2.1733333210150403,8.693333284060161
2018,5,NO,2.1733333210150403,4.346666642030081
2018,5,NYG,0.0,0.0
2018,5,TEN,0.0,0.0
2018,5,WAS,2.1733333210150403,4.346666642030081
2018,6,ARI,2.1733333210150403,8.693333284060161
2018,6,CIN,2.1733333210150403,4.346666642030081
2018,6,CLE,2.1733333210150403,2.897777761353387
2018,6,DAL,0.0,0.0
2018,6,DEN,0.0,0.0
2018,6,GB,0.0,0.0
2018,6,HOU,1.6783333500226338,1.6783333500226338
2018,6,JAX,1.6783333500226338,2.2377778000301785
2018,6,MIA,1.6783333500226338,3.3566667000452677
2018,6,SF,1.6783333500226338,6.713333400090535
2018,6,TB,1.6783333500226338,6.713333400090535
2018,6,TEN,1.6783333500226338,6.713333400090535
2018,6,WAS,1.6783333500226338,3.3566667000452677
2018,7,ARI,1.6783333500226338,3.3566667000452677
2018,7,HOU,0.0,0.0
2018,7,JAX,0.0,0.0
2018,7,LA,0.7716666605323553,0.0
2018,7,NO,0.7716666605323553,0.0
2018,7,NYG,3.1996666663636764,0.0
2018,7,TB,3.1996666663636764,0.0
2018,7,WAS,2.428000005831321,0.0
2018,8,CLE,2.428000005831321,0.0
2018,8,DEN,0.0,0.0
2018,8,GB,0.0,0.0
2018,8,HOU,2.1133333146572113,2.8177777528762817
2018,8,LA,2.1133333146572113,4.226666629314423
2018,8,NYJ,2.1133333146572113,4.226666629314423
2018,8,PHI,2.1133333146572113,8.453333258628845
2018,8,SF,0.0,
2018,8,TB,0.0,0.0
2018,8,WAS,2.1133333146572113,4.226666629314423
2018,9,BAL,2.1133333146572113,4.226666629314423
2018,9,BUF,3.458333317438761,4.226666629314423
2018,9,DAL,6.9946666320165,8.453333258628845
2018,9,GB,4.881333317359289,0.0
2018,9,HOU,8.349666653076808,3.0800000190734864
2018,9,TB,8.544666659832002,4.106666692097982
2018,9,TEN,5.008333345254262,3.0800000190734864
2018,9,WAS,5.008333345254262,3.0800000190734864
2018,10,ARI,1.5400000095367432,1.5400000095367432
2018,10,BUF,1.3833333308498064,0.0
2018,10,CIN,1.3833333308498064,0.0
2018,10,DET,1.3833333308498064,6.143333292007446
2018,10,JAX,1.3833333308498064,6.143333292007446
2018,10,NE,0.0,6.143333292007446
2018,10,PHI,3.071666646003723,6.143333292007446
2018,10,SEA,3.071666646003723,0.0
2018,10,TB,3.071666646003723,0.0
2018,10,WAS,3.071666646003723,0.0
2018,11,BAL,0.0,0.0
2018,11,CAR,0.0,0.0
2018,11,DEN,0.0,
2018,11,HOU,0.0,0.0
2018,11,MIN,0.9866666615009307,0.0
2018,11,NO,0.9866666615009307,0.0
2018,11,OAK,0.9866666615009307,0.0
2018,11,PHI,0.9866666615009307,0.0
2018,11,TB,0.0,0.0
2018,12,BUF,0.6650000055631001,0.0
2018,12,CIN,0.6650000055631001,0.0
2018,12,GB,0.6650000055631001,0.9266666624281141
2018,12,HOU,2.118333351612091,2.864444457160102
2018,12,IND,1.4533333460489908,4.296666685740153
2018,12,MIA,3.4149999921520555,4.296666685740153
2018,12,OAK,4.109999988973141,5.813333384195963
2018,12,SEA,2.65666664292415,
2018,12,TB,4.109999988973141,5.813333384195963
2018,12,WAS,2.1483333428700764,2.9066666920979816
2018,13,ARI,1.4533333460489908,2.9066666920979816
2018,13,ATL,1.4533333460489908,2.9066666920979816
2018,13,CHI,0.0,0.0
2018,13,CIN,0.0,
2018,13,DEN,0.0,
2018,13,GB,0.0,
2018,13,HOU,3.526666659116745,14.10666663646698
2018,13,IND,3.526666659116745,14.10666663646698
2018,13,LAC,3.526666659116745,14.10666663646698
2018,13,NYG,3.526666659116745,14.10666663646698
2018,13,NYJ,0.0,0.0
2018,13,OAK,0.0,0.0
2018,13,TB,1.3566666801770528,2.7133333603541057
2018,13,WAS,3.526666659116745,4.70222221215566
2018,14,ARI,3.5266666591167453,7.05333331823349
2018,14,BUF,3.5266666591167453,4.70222221215566
2018,14,CLE,2.1699999789396927,2.8933333052529235
2018,14,DEN,0.0,0.0
2018,14,HOU,3.52999999721845,3.52999999721845
2018,14,IND,3.52999999721845,3.52999999721845
2018,14,KC,3.52999999721845,3.52999999721845
2018,14,OAK,3.52999999721845,4.706666662957933
2018,14,PIT,0.0,0.0
2018,14,TB,1.3566666801770528,2.7133333603541057
2018,14,TEN,1.3566666801770528,5.426666720708211
2018,14,WAS,3.52999999721845,7.0599999944369
2018,15,BUF,3.52999999721845,7.0599999944369
2018,15,DEN,2.173333317041397,8.693333268165588
2018,15,HOU,5.434999976555506,10.869999953111012
2018,15,JAX,3.261666659514109,13.046666638056436
2018,15,NO,3.261666659514109,6.523333319028218
2018,15,NYJ,3.261666659514109,6.523333319028218
2018,15,PHI,0.0,0.0
2018,15,SF,0.0,0.0
2018,15,TB,1.2250000099341074,2.450000019868215
2018,15,TEN,1.2250000099341074,2.450000019868215
2018,15,WAS,3.261666659514109,4.348888879352145
2018,16,ARI,3.261666659514109,4.348888879352145
2018,16,BUF,2.0366666495800017,2.7155555327733354
2018,16,DET,2.0366666495800017,2.7155555327733354
2018,16,GB,0.0,0.0
2018,16,HOU,3.0949999888738,4.126666651831733
2018,16,JAX,3.0949999888738,4.126666651831733
2018,16,LA,3.9100000030050674,3.0949999888738
2018,16,NYJ,3.9100000030050674,3.0949999888738
2018,16,OAK,0.8150000141312679,0.8150000141312679
2018,16,SEA,0.8150000141312679,0.8150000141312679
2018,16,SF,0.0,0.8150000141312679
2018,16,TB,1.1200000067551932,1.935000020886461
2018,16,WAS,3.0949999888738,3.0949999888738
2018,17,GB,3.0949999888738,4.126666651831733
2018,17,HOU,6.083333313465118,8.111111084620157
2018,17,JAX,4.9633333067099255,9.926666613419851
2018,17,NYJ,2.988333324591319,11.953333298365276
2018,17,TB,4.011666665474574,8.023333330949148
2018,17,WAS,2.988333324591319,5.976666649182638
2019,1,ARI,7.750000023220976,5.328888879881965
2019,1,ATL,10.050000057990353,6.478333300352096
2019,1,BAL,16.331666755055387,18.07166668251157
2019,1,BUF,23.12600010409951,19.88833334172765
2019,1,CAR,18.84466672949493,22.461666631326082
2019,1,CHI,21.418666691705585,24.713333314284682
2019,1,CIN,14.113666653757294,14.204999926189581
2019,1,CLE,9.124333352595567,19.48466661050916
2019,1,DAL,10.662333368261654,19.149333312859138
2019,1,DEN,10.181666710972786,15.534333339085181
2019,1,DET,17.346666642154258,13.426000004137556
2019,1,GB,13.576666610563795,6.383000016584992
2019,1,HOU,22.944666601220767,6.578333363930384
2019,1,IND,20.95633323689302,9.22666666706403
2019,1,JAX,18.50299997515976,15.913333280012012
2019,1,KC,23.564666592453914,17.031666636591158
2019,1,LA,12.178333262105781,15.501666601623098
2019,1,LAC,11.073333282768726,15.15033327738444
2019,1,MIA,11.264999936645228,20.33266669139266
2019,1,MIN,6.203333319351075,21.412666685630878
2019,1,NE,8.510000006978709,24.19200002849102
2019,1,NO,13.546666710202892,25.471666744475563
2019,1,NYG,8.643333386878172,15.714333406835793
2019,1,NYJ,20.06666673446695,11.49766671632727
2019,1,OAK,24.413666701937714,12.20166672753791
2019,1,PHI,23.11033336979647,10.23166667111218
2019,1,PIT,26.020333358148733,11.106666667138537
2019,1,SEA,14.597000010559956,13.688999993478259
2019,1,SF,12.264999997491637,8.293999999761581
2019,1,TB,10.43333331135412,13.10566673030456
2019,1,TEN,9.82166665866971,12.419000079731147
2019,1,WAS,12.780000009884436,13.651666733125847
2019,2,BAL,8.458333367854356,18.20222231083446
2019,2,CHI,5.256666686882575,12.230000029007595
2019,2,CIN,2.9583333512147267,15.259999918937684
2019,2,IND,0.0,0.0
2019,2,JAX,0.0,0.0
2019,2,LAC,0.0,0.0
2019,2,NE,1.7416666587193808,3.2766666531562807
2019,2,NYJ,4.954999991257986,6.42666666507721
2019,2,SF,6.938333332538605,6.928888898425632
2019,2,TB,8.51333333849907,6.771666679779688
2019,2,WAS,8.755000021060308,7.116666694482168
2019,3,ATL,5.541666688521703,7.388888918028937
2019,3,DET,3.558333347241084,4.744444462988112
2019,3,GB,1.9833333412806193,2.644444455040826
2019,3,IND,0.0,0.0
2019,3,LAC,2.091666668653488,0.0
2019,3,NO,2.091666668653488,0.0
2019,3,NYG,2.091666668653488,0.0
2019,3,NYJ,3.440000001589457,2.696666665871938
2019,3,OAK,1.348333332935969,1.7977777772479586
2019,3,PIT,1.348333332935969,1.7977777772479586
2019,3,SF,3.5533333440621693,4.737777792082892
2019,3,TB,3.5533333440621693,4.737777792082892
2019,3,WAS,5.75833335518837,7.677777806917827
2019,4,BUF,5.75833335518837,7.677777806917827
2019,4,MIA,3.5533333440621693,7.1066666881243385
2019,4,NE,2.2050000111262005,8.820000044504802
2019,4,PIT,1.218333334972461,
2019,4,SEA,3.511666664729516,4.873333339889844
2019,4,TB,3.5116666647295154,4.873333339889844
2019,4,WAS,5.651666682213545,4.873333339889844
2019,5,ARI,7.195000026623408,4.873333339889844
2019,5,CAR,4.901666696866353,
2019,5,CIN,4.901666696866353,11.046666717529297
2019,5,NYJ,4.701666685938834,11.046666717529297
2019,5,PIT,1.9400000065565104,11.046666717529297
2019,5,SF,3.931666681170463,11.046666717529297
2019,6,DET,3.931666681170463,0.0
2019,6,GB,1.9916666746139522,0.0
2019,6,HOU,1.9916666746139522,0.0
2019,6,NYJ,1.2100000043710069,1.6133333391613431
2019,6,PHI,1.2100000043710069,2.4200000087420146
2019,6,SF,3.1616666773955022,4.21555556986067
2019,6,TB,4.371666681766509,5.828888909022013
2019,6,TEN,3.161666677395502,6.323333354791005
2019,6,WAS,5.113333350419998,6.817777800559997
2019,7,BUF,3.1616666773955022,4.21555556986067
2019,7,DET,1.951666673024495,6.9666667355431455
2019,7,GB,1.951666673024495,5.225000051657359
2019,7,IND,0.0,4.364444504843818
2019,7,NE,3.288333275665839,6.5466667572657276
2019,7,NO,6.561666654298703,0.0
2019,7,NYG,6.561666654298703,6.576666551331678
2019,7,OAK,6.561666654298703,4.384444367554452
2019,7,PHI,3.273333378632863,4.384444367554452
2019,7,SF,0.0,4.384444367554452
2019,7,WAS,0.0,0.0
2019,8,ARI,2.860000038146972,0.0
2019,8,CAR,2.860000038146972,0.0
2019,8,LAC,2.860000038146972,0.0
2019,8,NE,5.0073333706706755,0.0
2019,8,NO,2.147333332523703,5.720000076293944
2019,8,NYJ,3.4640000071376553,5.5688889503479
2019,8,PIT,3.4640000071376553,5.5688889503479
2019,8,SEA,1.3166666746139521,8.35333342552185
2019,8,SF,4.526666623353957,2.6333333492279043
2019,8,TB,4.526666623353957,2.6333333492279043
2019,8,WAS,4.526666623353957,1.7555555661519362
2019,9,ARI,6.259999974568684,1.7555555661519362
2019,9,CAR,3.0500000258286786,2.6333333492279043
2019,9,NYJ,2.950000025828679,2.4333333492279046
2019,9,PHI,2.950000025828679,4.866666698455811
2019,9,PIT,1.2166666746139518,4.866666698455811
2019,9,SEA,1.2166666746139518,4.866666698455811
2019,9,SF,0.0,0.0
2019,9,TB,1.2166666746139518,2.4333333492279046
2019,9,WAS,1.2166666746139518,1.6222222328186031
2019,10,BAL,1.2166666746139518,1.2166666746139523
2019,10,CAR,1.2166666746139518,1.6222222328186031
2019,10,DET,0.0,0.0
2019,10,KC,0.0,0.0
2019,10,MIA,0.0,0.0
2019,10,NYJ,1.1533333430687578,2.3066666861375165
2019,10,PIT,1.1533333430687578,1.5377777907583443
2019,10,TB,2.3066666861375165,3.075555581516689
2019,10,TEN,2.3066666861375165,3.075555581516689
2019,11,ATL,1.1533333430687578,2.3066666861375165
2019,11,CAR,1.1533333430687578,4.613333372275035
2019,11,IND,0.0,
2019,11,NYJ,1.4850000033775956,5.940000013510386
2019,11,PHI,4.861666670441626,5.940000013510386
2019,11,SF,4.861666670441626,9.723333340883254
2019,11,TB,6.346666673819223,8.462222231758965
2019,11,WAS,4.861666670441626,6.482222227255503
2019,12,CHI,1.4850000033775956,5.852333331108094
2019,12,CIN,1.4850000033775956,3.3008888853920837
2019,12,JAX,1.1000000099341065,1.9813333213329325
2019,12,NE,1.1000000099341065,3.962666642665863
2019,12,NO,1.1000000099341065,
2019,12,NYG,1.1000000099341065,
2019,12,NYJ,1.596666674812634,6.386666699250539
2019,12,PIT,3.4489999926338584,6.386666699250539
2019,12,SF,3.4489999926338584,3.1933333496252696
2019,12,TB,5.045666667446493,4.257777799500359
2019,12,TEN,3.4489999926338584,2.1288888997501796
2019,12,WAS,1.596666674812634,1.5966666748126348
2019,13,CLE,1.596666674812634,1.5966666748126348
2019,13,IND,0.0,0.0
2019,13,KC,0.0,0.0
2019,13,MIA,0.0,0.0
2019,13,NYJ,1.7300000081459672,6.920000032583872
2019,13,SEA,1.7300000081459672,6.920000032583872
2019,13,SF,3.636666684349377,7.273333368698756
2019,13,TB,5.366666692495345,7.155555589993795
2019,13,WAS,5.543333360552787,7.391111147403717
2019,14,ARI,5.543333360552787,5.543333360552788
2019,14,CHI,3.636666684349377,4.848888912465838
2019,14,DET,1.906666676203409,2.54222223493788
2019,14,GB,0.0,0.0
2019,14,IND,0.0,2.184444464577569
2019,14,JAX,0.0,1.6383333484331766
2019,14,KC,1.6383333484331757,2.184444464577569
2019,14,LA,1.6383333484331757,3.276666696866353
2019,14,LAC,1.6383333484331757,0.0
2019,14,MIA,3.910000010331471,0.0
2019,14,NYJ,5.636999974648157,6.730666625499725
2019,14,OAK,5.636999974648157,4.487111083666483
2019,14,PHI,5.636999974648157,5.636999974648157
2019,14,SF,5.360333325465519,7.631999987363815
2019,14,TB,5.360333325465519,7.631999987363816
2019,14,WAS,7.355333338181177,9.627000000079473
2019,15,CAR,7.355333338181177,7.355333338181177
2019,15,CHI,5.36033332546552,7.147111100620694
2019,15,CIN,1.9950000127156566,3.990000025431315
2019,15,DAL,0.0,0.0
2019,15,IND,0.8366666654745729,0.0
2019,15,LA,0.8366666654745729,0.0
2019,15,MIN,0.8366666654745729,0.0
2019,15,NO,0.8366666654745729,0.0
2019,15,NYJ,1.416999979193011,2.833999958386024
2019,15,OAK,1.416999979193011,2.833999958386024
2019,15,PHI,1.416999979193011,1.8893333055906825
2019,15,SF,3.3553333236525447,4.473777764870061
2019,15,TB,3.3553333236525447,4.473777764870061
2019,15,WAS,5.2936666681120785,5.293666668112079
2019,16,CHI,5.2936666681120785,5.293666668112079
2019,16,DAL,3.3553333236525447,3.3553333236525456
2019,16,JAX,1.9383333444595328,2.5844444592793785
2019,16,NYJ,0.0,0.0
2019,16,PIT,0.0,0.0
2019,16,SF,2.031666676203409,2.708888901604546
2019,16,TB,2.031666676203409,2.0316666762034097
2019,16,TEN,2.031666676203409,2.708888901604546
2019,16,WAS,4.0633333524068185,5.417777803209092
2019,17,MIA,3.3633333424727114,4.063333352406819
2019,17,NO,3.3633333424727114,4.063333352406819
2019,17,NYG,3.3633333424727114,4.063333352406819
2019,17,NYJ,1.3316666662693015,0.0
2019,17,PHI,0.0,0.0
2019,17,PIT,0.0,0.0
2019,17,SEA,1.2916666666666659,0.0
2019,17,SF,3.060000014305114,7.073333390553793
2019,17,TB,3.060000014305114,3.5366666952768964
2019,17,TEN,3.060000014305114,3.5366666952768964
2019,17,WAS,3.5366666952768955,4.715555593702528
2020,1,ARI,3.635000030199686,6.862222210566203
2020,1,ATL,8.956666688124338,11.300888840357464
2020,1,BAL,8.956666688124338,13.112333277861278
2020,1,BUF,8.934999998410543,16.86033324400584
2020,1,CAR,13.159333272775013,17.52933331231276
2020,1,CHI,12.224666639169056,14.200333339969315
2020,1,CIN,13.389666644732156,11.251333357145388
2020,1,CLE,14.97199995915095,8.657000033805767
2020,1,DAL,8.881000002225239,10.309333381801842
2020,1,DEN,7.112333336596687,11.670666706810394
2020,1,DET,7.493000005806485,14.36566670524577
2020,1,GB,4.16400003346304,13.42700004018843
2020,1,HOU,11.491666711494325,10.212333333119748
2020,1,IND,13.403000062704084,12.87333339564502
2020,1,JAX,16.191666712611912,17.474000110477206
2020,1,KC,16.191666712611912,17.98366680468122
2020,1,LAC,8.864000034580627,20.99166682958603
2020,1,LV,21.334666712333757,22.625777922736276
2020,1,MIA,20.650333379705742,10.64800008535385
2020,1,MIN,22.338666682442025,9.65288893646664
2020,1,NE,24.04566669563452,9.737333287133108
2020,1,NO,12.945333307484786,13.192333288987475
2020,1,NYG,18.123666685695447,13.192333288987475
2020,1,NYJ,24.15200005657971,14.912333261469996
2020,1,PHI,22.445000043387214,13.82433324207862
2020,1,PIT,19.48033340709905,9.589999942605692
2020,1,SEA,12.828666719049215,9.589999942605692
2020,1,SF,8.952000061919293,16.883333384121457
2020,1,TB,18.34800006772081,16.606666764741142
2020,1,TEN,17.79266671563188,17.001666709656515
2020,1,WAS,23.85900004990399,19.74066674100856
2020,2,BAL,20.01900003341337,11.974222225447496
2020,2,CAR,10.623000027611852,6.38533333390951
2020,2,HOU,8.243000016485652,5.4780000627040835
2020,2,JAX,2.5749999900658924,5.149999980131781
2020,2,MIA,2.5749999900658924,4.997333322630985
2020,2,NE,2.5749999900658924,4.997333322630985
2020,2,NYJ,3.747999991973241,3.747999991973239
2020,2,PHI,1.1730000019073485,1.564000002543129
2020,2,SF,3.747999991973241,3.433333320087854
2020,2,TB,3.747999991973241,3.433333320087854
2020,2,WAS,2.5749999900658924,5.149999980131781
2020,3,ARI,2.5749999900658924,5.149999980131781
2020,3,BAL,0.0,0.0
2020,3,CHI,0.0,
2020,3,DEN,0.0,
2020,3,DET,0.0,
2020,3,GB,0.0,
2020,3,HOU,0.0,0.0
2020,3,IND,0.0,0.0
2020,3,JAX,2.558333323399226,3.411111097865632
2020,3,NYG,6.5233333269755045,2.558333323399224
2020,3,NYJ,7.338333320617676,3.3733333170413955
2020,3,SF,9.896666644016902,5.931666640440621
2020,3,TB,8.153333314259847,4.188333310683567
2020,3,TEN,4.188333310683569,5.584444414244756
2020,4,ARI,3.3733333170413973,4.497777756055194
2020,4,CLE,0.8149999936421712,1.6299999872843394
2020,4,GB,0.0,0.0
2020,4,IND,0.0,0.0
2020,4,JAX,0.0,0.0
2020,4,KC,0.0,0.0
2020,4,LV,0.0,0.0
2020,4,NO,0.0,0.0
2020,4,NYG,0.0,
2020,4,NYJ,0.8049999952316285,3.219999980926514
2020,4,PHI,0.8049999952316285,1.6099999904632534
2020,4,SF,0.8049999952316285,1.0733333269755023
2020,4,TB,1.609999990463257,1.6099999904632551
2020,4,TEN,0.8049999952316285,0.8049999952316267
2020,5,CHI,0.8049999952316285,1.0733333269755023
2020,5,JAX,3.1466666360696154,4.1955555147594845
2020,5,LAC,2.341666640837987,4.683333281675971
2020,5,NO,2.341666640837987,9.366666563351949
2020,5,NYJ,2.341666640837987,4.683333281675971
2020,5,SF,2.341666640837987,4.683333281675971
2020,5,TB,2.341666640837987,3.1222221877839806
2020,5,WAS,2.341666640837987,3.1222221877839806
2020,6,CHI,2.341666640837987,4.683333281675971
2020,6,DAL,0.0,0.0
2020,6,GB,0.0,
2020,6,IND,0.0,0.0
2020,6,JAX,2.3733333090941113,4.746666618188219
2020,6,KC,2.3733333090941113,4.746666618188219
2020,6,NYJ,3.2399999717871353,4.319999962382845
2020,6,SF,5.613333280881246,7.484444374508326
2020,6,TB,4.106666634480159,5.475555512640209
2020,7,CLE,4.106666634480159,5.475555512640209
2020,7,DEN,3.2399999717871353,6.479999943574267
2020,7,DET,0.8666666626930233,3.466666650772095
2020,7,GB,0.0,0.0
2020,7,JAX,0.0,0.0
2020,7,NYJ,0.0,0.0
2020,7,SF,0.0,0.0
2020,7,TB,0.0,0.0
2020,7,WAS,0.0,0.0
2020,8,BAL,0.0,0.0
2020,8,BUF,0.0,0.0
2020,8,CAR,0.0,0.0
2020,8,CHI,0.0,0.0
2020,8,DAL,0.0,0.0
2020,8,DET,0.0,0.0
2020,8,GB,0.0,0.0
2020,8,IND,0.0,0.0
2020,8,LAC,0.0,0.0
2020,8,NYJ,0.0,0.0
2020,8,TB,0.0,0.0
2020,9,ARI,0.0,0.0
2020,9,CAR,0.0,0.0
2020,9,DAL,0.0,0.0
2020,9,DEN,0.0,0.0
2020,9,DET,0.0,0.0
2020,9,GB,0.0,0.0
2020,9,HOU,0.0,0.0
2020,9,JAX,2.4499999781449633,3.2666666375266153
2020,9,MIA,2.4499999781449633,3.2666666375266153
2020,9,NE,2.4499999781449633,3.2666666375266153
2020,9,NO,2.4499999781449633,4.899999956289923
2020,9,NYG,0.0,0.0
2020,9,NYJ,0.8866666674613948,1.773333334922786
2020,9,SEA,1.7583333313465115,1.773333334922786
2020,9,SF,4.208333309491476,4.448888860808476
2020,9,TB,5.09499997695287,5.631111084090335
2020,9,WAS,4.208333309491475,6.673333291212712
2020,10,CHI,3.3366666456063587,6.673333291212712
2020,10,DEN,0.8866666674613948,3.546666669845581
2020,10,GB,0.0,
2020,10,JAX,0.0,0.0
2020,10,LAC,0.0,0.0
2020,10,NE,0.0,0.0
2020,10,SEA,0.0,0.0
2020,10,SF,0.0,0.0
2020,10,TB,0.0,0.0
2020,11,ATL,0.0,0.0
2020,11,BAL,0.0,0.0
2020,11,CAR,0.0,0.0
2020,11,HOU,0.0,
2020,11,IND,0.0,0.0
2020,11,JAX,0.0,0.0
2020,11,MIA,0.0,0.0
2020,11,NO,0.0,0.0
2020,11,NYJ,0.0,0.0
2020,11,PIT,0.0,0.0
2020,11,WAS,0.0,0.0
2020,12,ARI,0.0,
2020,12,CHI,0.0,
2020,12,CIN,0.0,
2020,12,GB,0.0,0.0
2020,12,NYG,0.0,0.0
2020,12,NYJ,0.0,0.0
2020,12,PHI,0.0,0.0
2020,12,SF,0.0,0.0
2020,12,TB,0.0,0.0
2020,12,TEN,0.0,0.0
2020,13,BAL,0.0,0.0
2020,13,HOU,0.0,0.0
2020,13,JAX,0.0,0.0
2020,13,SEA,0.0,0.0
2020,13,SF,0.0,0.0
2020,14,CAR,0.0,0.0
2020,14,CLE,0.0,0.0
2020,14,DET,0.0,0.0
2020,14,GB,0.0,0.0
2020,14,JAX,0.0,0.0
2020,14,LAC,0.0,0.0
2020,14,MIA,0.0,0.0
2020,14,MIN,0.0,0.0
2020,14,NE,0.0,
2020,14,NYG,0.0,
2020,14,NYJ,0.0,0.0
2020,14,SEA,0.0,0.0
2020,14,SF,0.0,0.0
2020,14,TB,0.0,0.0
2020,14,WAS,0.0,0.0
2020,15,BAL,0.0,0.0
2020,15,CAR,0.0,0.0
2020,15,CIN,0.0,0.0
2020,15,DET,0.0,0.0
2020,15,HOU,0.0,0.0
2020,15,JAX,0.0,0.0
2020,15,MIA,1.7516666873047744,0.0
2020,15,MIN,1.7516666873047744,0.0
2020,15,NYJ,1.7516666873047744,0.0
2020,15,SF,1.7516666873047744,0.0
2020,15,TB,0.0,0.0
2020,15,WAS,0.0,0.0
2020,16,ARI,0.0,0.0
2020,16,CHI,0.0,0.0
2020,16,JAX,0.0,0.0
2020,16,KC,0.0,0.0
2020,16,MIA,0.0,0.0
2020,16,NO,0.0,0.0
2020,16,NYJ,0.0,0.0
2020,16,SF,0.0,0.0
2020,16,TB,0.0,0.0
2020,16,WAS,0.0,0.0
2020,17,ATL,0.0,0.0
2020,17,BUF,0.0,0.0
2020,17,CLE,0.0,
2020,17,JAX,0.0,0.0
2020,17,LA,0.0,0.0
2020,17,NYJ,0.0,0.0
2020,17,SEA,0.0,0.0
2020,17,SF,0.0,0.0
2020,17,TB,0.0,0.0
2020,17,WAS,0.0,0.0
2021,1,ARI,7.519333359599113,4.448888932996323
2021,1,ATL,11.653999997178714,7.306666743093063
2021,1,BAL,20.62533328135808,13.499555627008277
2021,1,BUF,26.89699996660153,13.278000078226128
2021,1,CAR,24.08833323890964,17.44233336560428
2021,1,CHI,27.486666536082826,19.886999993647137
2021,1,CIN,18.515333251903456,22.260000004371005
2021,1,CLE,12.243666566660007,19.106666646401084
2021,1,DAL,7.532999934752782,14.674666633208592
2021,1,DEN,5.124333333969116,13.96466664796074
2021,1,DET,19.583333390578627,17.330999964227278
2021,1,GB,20.603333393360177,19.202999932567277
2021,1,HOU,31.197000048557918,20.69566667973995
2021,1,IND,26.878333386654656,18.577666657666363
2021,1,JAX,21.057333363592626,14.493333385636408
2021,1,KC,25.020666673531135,15.70466675162315
2021,1,LA,21.21200000556807,20.647333325942355
2021,1,LAC,23.24500002898276,26.83966665193438
2021,1,LV,18.51533334068954,27.915999933083846
2021,1,MIA,18.522666621829075,32.58533330212037
2021,1,MIN,15.268999959900976,25.474333323538303
2021,1,NE,26.150333265711865,27.065999970585104
2021,1,NO,24.149333236863217,34.05666655215124
2021,1,NYG,25.71866659472386,26.30399984878798
2021,1,NYJ,28.594333306948347,32.495333129788435
2021,1,PHI,14.874333305656911,29.102999829500913
2021,1,PIT,12.966999989251295,17.63799994078775
2021,1,SEA,10.297000023225944,18.347999948387343
2021,1,SF,7.825333318362634,13.446666702255605
2021,1,TB,12.36533331796527,8.350000040481486
2021,1,TEN,14.508666675537825,12.749666690205533
2021,1,WAS,17.266333350787562,12.03966668260594
2021,2,DAL,13.331000018119811,11.14177777452601
2021,2,DEN,8.791000018517177,9.73511112216446
2021,2,KC,6.647666660944621,0.0
2021,2,LAC,0.0,0.0
2021,2,NO,0.0,0.0
2021,2,NYJ,1.0183333257834117,2.03666665156682
2021,2,SEA,1.0183333257834117,2.03666665156682
2021,2,SF,1.8599999948094288,2.03666665156682
2021,2,TB,2.8783333205928407,2.715555535422429
2021,2,TEN,1.859999994809429,2.03666665156682
2021,2,WAS,1.859999994809429,4.073333303133647
2021,3,CLE,1.018333325783412,4.073333303133647
2021,3,DAL,0.0,
2021,3,LA,0.0,
2021,3,LV,0.0,
2021,3,NYJ,0.9433333257834117,3.7733333031336467
2021,3,SEA,0.9433333257834117,1.8866666515668198
2021,3,SF,0.9433333257834117,1.8866666515668198
2021,3,TB,1.8866666515668233,2.5155555354224286
2021,3,WAS,0.9433333257834117,1.8866666515668198
2021,4,BAL,0.9433333257834117,3.7733333031336467
2021,4,DEN,0.9433333257834117,1.8866666515668198
2021,4,GB,0.0,0.0
2021,4,IND,0.0,0.0
2021,4,JAX,0.9466666770478089,0.0
2021,4,KC,0.9466666770478089,0.0
2021,4,LV,0.9466666770478089,0.0
2021,4,NYJ,1.5800000083943209,0.8444444417953467
2021,4,SEA,0.6333333313465118,0.8444444417953467
2021,4,TB,1.2666666626930236,1.2666666626930219
2021,5,CAR,1.2666666626930236,1.6888888835906959
2021,5,CHI,0.6333333313465118,1.26666666269302
2021,5,CLE,0.6333333313465118,1.26666666269302
2021,5,DEN,0.0,0.0
2021,5,HOU,0.0,0.0
2021,5,IND,0.0,0.0
2021,5,JAX,0.0,0.0
2021,5,NO,0.0,0.0
2021,5,NYJ,0.6566666642824809,1.3133333285649582
2021,5,SEA,0.6566666642824809,0.8755555523766388
2021,5,SF,0.6566666642824809,0.8755555523766388
2021,5,TB,1.3133333285649618,1.31333332856496
2021,5,WAS,0.6566666642824809,0.8755555523766388
2021,6,ARI,0.6566666642824809,1.3133333285649582
2021,6,CIN,0.6566666642824809,2.6266666571299235
2021,6,DEN,0.0,
2021,6,JAX,0.0,
2021,6,MIA,0.0,
2021,6,MIN,0.0,
2021,6,PHI,0.0,0.0
2021,6,PIT,0.0,0.0
2021,6,TB,0.0,0.0
2021,7,ARI,3.133333339293798,0.0
2021,7,CAR,3.133333339293798,0.0
2021,7,CHI,3.133333339293798,0.0
2021,7,LA,3.133333339293798,0.0
2021,7,NO,0.0,
2021,7,NYG,0.0,
2021,7,NYJ,0.6266666611035665,0.0
2021,7,PHI,0.6266666611035665,6.266666678587592
2021,7,SEA,0.6266666611035665,4.177777785725062
2021,8,CAR,0.6266666611035665,4.177777785725062
2021,8,HOU,0.0,5.6484444474180515
2021,8,IND,0.0,2.205999992539482
2021,8,LAC,0.0,4.41199998507897
2021,8,MIA,0.0,2.2059999925394815
2021,8,NO,1.1029999962697425,0.0
2021,8,NYJ,2.545666664962967,2.8853333373864456
2021,8,PHI,2.545666664962967,1.9235555582576305
2021,8,SEA,3.333333338424563,2.9737777895397586
2021,8,TB,2.8853333373864496,2.8853333373864474
2021,8,TEN,1.4426666686932246,1.9235555582576305
2021,9,ATL,1.4426666686932246,6.614666704336799
2021,9,BUF,0.6549999952316284,8.346666709582006
2021,9,DEN,0.0,14.073333438237508
2021,9,GB,0.0,14.073333438237508
2021,9,JAX,0.0,0.0
2021,9,KC,0.0,0.0
2021,9,LA,0.0,0.0
2021,9,LV,0.0,0.0
2021,9,NYG,0.0,0.0
2021,9,NYJ,1.1956666658322017,0.0
2021,9,TEN,5.597333376606306,0.0
2021,10,ARI,5.597333376606306,0.0
2021,10,CAR,8.482666715979576,0.0
2021,10,CLE,7.287000050147375,2.8566666682561204
2021,10,DEN,2.8853333393732705,2.8566666682561204
2021,10,DET,2.8853333393732705,1.9044444455040803
2021,10,JAX,0.0,1.4283333341280602
2021,10,LA,1.428333334128062,2.1776666720708193
2021,10,LV,3.606000006198883,2.1776666720708193
2021,10,NO,3.606000006198883,2.9035555627610923
2021,10,NYJ,4.426000003019968,3.9968888918558734
2021,10,SEA,2.997666668891907,1.0933333290947784
2021,10,TB,1.6399999936421712,2.186666658189559
2021,10,TEN,1.6399999936421712,1.6399999936421694
2021,10,WAS,0.8199999968210856,0.8199999968210838
2021,11,DET,0.8199999968210856,1.0933333290947784
2021,11,GB,0.0,0.0
2021,11,HOU,0.0,0.0
2021,11,LV,0.0,0.0
2021,11,MIA,0.0,0.0
2021,11,MIN,0.0,0.0
2021,11,NYG,0.0,0.0
2021,11,NYJ,0.9349999984105428,3.7399999936421713
2021,11,PIT,0.9349999984105428,3.7399999936421713
2021,11,SEA,0.9349999984105428,1.869999996821082
2021,11,TB,1.8699999968210856,2.4933333290947783
2021,12,JAX,0.9349999984105428,1.869999996821082
2021,12,MIA,1.7183333251625301,1.869999996821082
2021,12,NO,1.7183333251625301,3.7399999936421713
2021,12,NYG,0.7833333267519872,0.0
2021,12,NYJ,2.9206666592508554,4.274666664997733
2021,12,PIT,2.1373333324988684,2.8497777766651553
2021,12,SEA,3.3196666657924654,3.3196666657924636
2021,12,SF,3.3196666657924654,4.4262222210566184
2021,12,TB,2.1373333324988684,2.8497777766651553
2021,12,TEN,2.1373333324988684,4.274666664997733
2021,13,ARI,0.9549999992052715,1.9099999984105394
2021,13,BAL,0.9549999992052715,1.2733333322736928
2021,13,DEN,0.0,0.0
2021,13,HOU,0.0,0.0
2021,13,MIA,0.0,0.0
2021,13,NE,0.0,
2021,13,NYG,0.0,0.0
2021,13,NYJ,1.1133333325386048,2.226666665077206
2021,13,SEA,2.113333346446355,1.484444443384804
2021,13,TB,3.22666667898496,2.226666665077208
2021,14,CAR,3.22666667898496,2.9688888867696104
2021,14,CHI,2.113333346446355,2.226666665077206
2021,14,CLE,1.1133333325386048,2.226666665077206
2021,14,DAL,0.0,0.0
2021,14,DET,0.0,0.0
2021,14,GB,0.0,0.0
2021,14,JAX,0.0,0.0
2021,14,NYJ,1.0100000023841857,2.020000004768368
2021,14,SEA,1.0100000023841857,1.3466666698455787
2021,14,SF,1.0100000023841857,1.010000002384184
2021,14,TB,2.0200000047683715,2.0200000047683697
2021,14,TEN,1.0100000023841857,1.010000002384184
2021,14,WAS,3.5133333086967466,1.3466666698455787
2021,15,BAL,3.513333308696747,1.3466666698455787
2021,15,CLE,2.5033333063125616,0.0
2021,15,DEN,2.5033333063125616,0.0
2021,15,GB,0.0,0.0
2021,15,HOU,0.0,0.0
2021,15,IND,0.0,0.0
2021,15,LA,0.0,0.0
2021,15,MIA,0.0,0.0
2021,15,MIN,0.0,0.0
2021,15,NYJ,1.1083333373069764,2.216666674613949
2021,15,SEA,1.1083333373069764,1.4777777830759662
2021,15,TB,2.2166666746139527,2.9555555661519346
2021,15,WAS,4.0743333498636884,2.9555555661519346
2021,16,ATL,2.9660000125567123,2.216666674613949
2021,16,BAL,4.461000009874503,7.243333316842712
2021,16,DEN,3.3526666725675263,10.053333284457524
2021,16,JAX,1.494999997317791,10.053333284457524
2021,16,KC,1.494999997317791,10.053333284457524
2021,16,NO,0.0,
2021,16,NYJ,0.0,0.0
2021,16,SEA,1.494999997317791,2.9899999946355775
2021,16,TB,2.513333321114381,1.9933333297570517
2021,17,ATL,2.513333321114381,1.4949999973177888
2021,17,BAL,2.513333321114381,1.4949999973177888
2021,17,CAR,1.0183333237965901,0.0
2021,17,DET,0.0,0.0
2021,17,GB,0.0,0.0
2021,17,JAX,0.0,0.0
2021,17,MIN,0.0,0.0
2021,17,NYJ,0.0,0.0
2021,17,PHI,0.0,0.0
2021,17,PIT,0.0,0.0
2021,17,SEA,0.0,0.0
2021,17,SF,0.0,0.0
2021,17,TB,0.0,0.0
2021,17,TEN,0.0,0.0
2021,18,BAL,0.0,0.0
2021,18,CIN,0.0,0.0
2021,18,CLE,0.0,0.0
2021,18,KC,0.0,0.0
2021,18,NYJ,0.0,0.0
2021,18,SEA,0.0,0.0
2021,18,TB,0.0,0.0
2021,18,TEN,0.0,0.0
2022,1,ARI,3.3516666730244955,3.548888911969129
2022,1,ATL,14.16366656012833,11.82755558043718
2022,1,BAL,21.274666552618147,30.951555644969147
2022,1,BUF,22.424666560565434,25.891333403810858
2022,1,CAR,21.672999882449705,23.941333394745985
2022,1,CHI,22.53566674379011,26.545999996612473
2022,1,CIN,17.028000093375642,13.751333281149467
2022,1,CLE,19.711333397155006,21.597333214307824
2022,1,DAL,17.111333402246235,23.817666498944163
2022,1,DEN,9.196666697909434,18.530666552856562
2022,1,DET,11.390000009785096,18.72233319853743
2022,1,GB,11.058000046014786,15.27200002161165
2022,1,HOU,16.934333378076552,12.340000062063336
2022,1,IND,15.764999983708062,10.650333392744262
2022,1,JAX,18.077000031868614,12.707000068078438
2022,1,KC,22.49400005141894,14.821333318203688
2022,1,LA,20.214333361387254,20.781333312143882
2022,1,LAC,29.115333394209543,18.944333324333034
2022,1,LV,34.99766674103836,26.527333262562752
2022,1,MIA,35.372333354254565,25.601333231975637
2022,1,MIN,32.75233337879181,21.301333246876798
2022,1,NE,25.598333352059125,25.43866657949984
2022,1,NO,18.61399991971751,15.778333329285184
2022,1,NYG,14.22099995650351,14.831666710848609
2022,1,NYJ,15.929333302751184,19.595000038916865
2022,1,PHI,14.43166665248573,17.577666695167622
2022,1,PIT,15.672666682923833,20.77966669847568
2022,1,SEA,17.65266665071249,18.331333345671496
2022,1,SF,19.97899993707736,15.418000045791267
2022,1,TB,21.19433327962955,23.79600005087753
2022,1,TEN,19.29699995368719,24.23666671725611
2022,1,WAS,14.538999956597884,21.126666726792852
2022,2,ARI,9.527666657418013,23.488888919684623
2022,2,ATL,5.472333309302727,14.23733339160681
2022,2,CAR,1.1219999882082143,3.513333368301395
2022,2,CHI,1.5866666674613952,3.173333334922794
2022,2,CLE,1.5866666674613952,2.115555556615196
2022,2,DEN,1.5866666674613952,1.586666667461397
2022,2,LA,1.5866666674613952,2.115555556615196
2022,2,LV,0.0,0.0
2022,2,MIA,0.0,0.0
2022,2,NO,0.0,0.0
2022,2,PIT,0.0,0.0
2022,2,SF,0.0,0.0
2022,2,TB,1.5866666674613952,6.346666669845581
2022,3,ARI,1.5866666674613952,6.346666669845581
2022,3,CAR,1.5866666674613952,3.173333334922794
2022,3,CHI,1.5866666674613952,2.115555556615196
2022,3,IND,0.0,0.0
2022,3,LA,0.9266666613519192,0.0
2022,3,MIA,0.9266666613519192,0.0
2022,3,NE,0.9266666613519192,0.0
2022,3,SF,0.9266666613519192,0.0
2022,3,TB,1.328999981408318,0.0
2022,4,CAR,1.328999981408318,0.0
2022,4,CHI,1.328999981408318,0.0
2022,4,LAC,1.328999981408318,0.0
2022,4,MIA,0.0,0.0
2022,4,MIN,0.0,0.0
2022,4,NO,0.0,0.0
2022,4,NYG,0.0,0.0
2022,4,SEA,0.0,0.0
2022,4,TB,0.0,0.0
2022,5,BAL,0.0,0.0
2022,5,BUF,0.0,0.0
2022,5,CAR,0.0,0.0
2022,5,CHI,1.5683333337306977,3.136666667461399
2022,5,CLE,1.5683333337306977,3.136666667461399
2022,5,DEN,1.5683333337306977,3.136666667461399
2022,5,DET,1.5683333337306977,6.273333334922791
2022,5,HOU,0.0,0.0
2022,5,KC,0.0,0.0
2022,5,LAC,0.0,0.0
2022,5,LV,0.0,0.0
2022,5,MIA,0.0,0.0
2022,5,NE,0.0,0.0
2022,5,TB,1.5683333337306977,3.136666667461399
2022,6,ARI,1.5683333337306977,2.0911111116409327
2022,6,ATL,1.5683333337306977,2.0911111116409327
2022,6,BAL,1.5683333337306977,2.0911111116409327
2022,6,BUF,0.0,0.0
2022,6,CAR,0.0,0.0
2022,6,CHI,1.4983333369096121,2.996666673819228
2022,6,DAL,1.4983333369096121,1.9977777825461518
2022,6,DEN,1.4983333369096121,1.9977777825461518
2022,6,KC,1.4983333369096121,2.996666673819228
2022,6,MIA,0.0,0.0
2022,6,NO,0.0,0.0
2022,6,SEA,0.0,0.0
2022,6,TB,1.4983333369096121,1.9977777825461518
2022,7,ARI,1.4983333369096121,1.9977777825461518
2022,7,BAL,1.4983333369096121,1.9977777825461518
2022,7,CAR,1.4983333369096121,4.305666619539263
2022,7,CHI,1.523333336909612,4.3306666195392625
2022,7,DET,1.523333336909612,5.774222159385683
2022,7,GB,1.523333336909612,8.661333239078525
2022,7,IND,1.523333336909612,6.093333347638448
2022,7,KC,0.0,
2022,7,MIA,0.0,0.0
2022,7,NE,0.0,0.0
2022,7,NYG,0.0,0.0
2022,7,PIT,0.0,0.0
2022,7,SEA,0.0,0.0
2022,7,SF,2.807333282629649,0.0
2022,7,TB,4.330666619539261,6.093333347638448
2022,7,TEN,4.330666619539261,3.0466666738192267
2022,7,WAS,4.330666619539261,2.0311111158794843
2022,8,CAR,1.523333336909612,1.5233333369096134
2022,8,CHI,0.0,0.0
2022,8,DEN,0.0,0.0
2022,8,GB,0.0,0.0
2022,8,HOU,0.0,0.0
2022,8,MIA,0.0,0.0
2022,8,NYJ,1.7983333508173625,0.0
2022,8,TB,1.7983333508173625,0.0
2022,8,TEN,1.7983333508173625,0.0
2022,9,BUF,3.0033333361148835,0.0
2022,9,CAR,1.204999985297521,0.0
2022,9,CHI,4.52433327237765,0.0
2022,9,IND,5.462666600942612,1.2049999852975224
2022,9,JAX,4.257666615645091,1.6066666470633633
2022,9,KC,7.700999947388967,2.409999970595045
2022,9,LV,4.381666660308838,4.819999941190084
2022,9,MIA,5.248333351065715,0.0
2022,9,MIN,8.903000050038099,0.0
2022,9,NO,5.459666718294223,0.0
2022,9,SEA,5.459666718294223,0.0
2022,9,TB,3.654666698972384,0.0
2022,9,TEN,0.0,1.8766666571299262
2022,10,CHI,0.0,1.2511111047532841
2022,10,CLE,0.0,1.2511111047532841
2022,10,DEN,1.0383333281924327,1.2511111047532841
2022,10,DET,1.0383333281924327,0.0
2022,10,GB,1.0383333281924327,0.0
2022,10,IND,1.0383333281924327,0.0
2022,10,LV,0.0,
2022,10,MIA,0.0,4.153333312769731
2022,10,NO,0.0,2.076666656384868
2022,10,NYG,2.2966666599114736,2.076666656384868
2022,10,SF,2.2966666599114736,2.076666656384868
2022,10,TB,2.2966666599114736,0.0
2022,11,DAL,2.2966666599114736,0.0
2022,11,DEN,0.0,0.0
2022,11,GB,0.0,0.0
2022,11,HOU,0.0,3.3953333343068786
2022,11,MIN,0.0,2.2635555562045857
2022,11,NO,1.697666667153438,2.2635555562045857
2022,11,SF,1.697666667153438,3.3953333343068786
2022,12,ARI,1.697666667153438,0.0
2022,12,ATL,1.697666667153438,
2022,12,CHI,0.0,0.0
2022,12,JAX,0.0,0.0
2022,12,KC,0.0,0.0
2022,12,NYG,0.0,0.0
2022,12,PIT,0.0,0.0
2022,12,TB,0.0,0.0
2022,13,BUF,0.0,0.0
2022,13,CHI,0.0,0.0
2022,13,CIN,0.0,0.0
2022,13,GB,0.0,0.0
2022,13,KC,0.0,0.0
2022,13,LA,0.0,0.0
2022,13,NYJ,0.0,0.0
2022,13,PHI,0.0,
2022,13,TB,0.0,0.0
2022,13,TEN,0.0,0.0
2022,14,BAL,0.0,0.0
2022,14,CIN,0.0,0.0
2022,14,CLE,0.0,0.0
2022,14,DEN,0.0,2.1199999665220606
2022,14,DET,0.0,2.1199999665220606
2022,14,LA,1.9103333274523417,2.1199999665220606
2022,14,SEA,1.9103333274523417,4.239999933044116
2022,14,SF,2.9703333107133707,
2022,14,TB,2.9703333107133707,0.0
2022,15,ARI,1.059999983261029,0.0
2022,15,ATL,1.059999983261029,0.0
2022,15,BUF,0.9839999905476967,0.0
2022,15,CHI,0.9839999905476967,0.0
2022,15,CLE,0.9839999905476967,0.0
2022,15,DAL,0.9839999905476967,0.0
2022,15,DEN,1.0533333400885263,0.0
2022,15,HOU,1.0533333400885263,0.0
2022,15,IND,1.0533333400885263,0.0
2022,15,MIA,1.0533333400885263,1.0533333400885276
2022,15,NO,0.0,1.4044444534513703
2022,15,NYG,0.0,1.4044444534513703
2022,15,SEA,0.0,2.1066666801770553
2022,15,TEN,0.0,0.0
2022,16,ARI,0.0,0.0
2022,16,BAL,2.3629999975363414,0.0
2022,16,CHI,3.821333336830139,2.9166666785875983
2022,16,HOU,3.821333336830139,5.833333357175191
2022,16,IND,3.821333336830139,2.9166666785875983
2022,16,LA,1.4583333392937978,2.9166666785875983
2022,16,MIN,0.0,0.0
2022,16,TB,1.4583333392937978,2.9166666785875983
2022,16,TEN,1.4583333392937978,5.833333357175191
2022,17,CHI,2.8400000135103864,5.680000027020775
2022,17,DEN,2.8400000135103864,5.680000027020775
2022,17,GB,1.3816666742165884,2.7633333484331795
2022,17,NO,1.3816666742165884,2.7633333484331795
2022,17,NYJ,0.0,0.0
2022,17,SEA,0.0,0.0
2022,17,TB,1.3816666742165884,2.7633333484331795
2022,18,ARI,1.3816666742165884,2.7633333484331795
2022,18,BAL,1.3816666742165884,2.7633333484331795
2022,18,CHI,1.3816666742165884,2.7633333484331795
2022,18,GB,0.0,0.0
2022,18,MIA,0.0,0.0
2022,18,SEA,0.0,0.0
2022,18,TB,0.0,0.0
2023,1,ARI,2.2396666646003722,2.4866666535536477
2023,1,ATL,5.969999984900157,1.6577777690357651
2023,1,BAL,6.718333322058121,2.4816666672627146
2023,1,BUF,12.261666681617498,3.494999983906747
2023,1,CAR,16.10433338607351,10.168666625767948
2023,1,CHI,14.652333423743643,14.48699998371303
2023,1,CIN,16.882000107566515,15.156999990964929
2023,1,CLE,19.743666784962016,15.015333339696129
2023,1,DAL,15.453000102440516,13.996666696046791
2023,1,DEN,19.97566672215859,16.90333336889744
2023,1,DET,25.358000039930143,17.719999984030924
2023,1,GB,16.953000002975266,22.013666631033026
2023,1,HOU,25.087333307539424,20.821333353966477
2023,1,IND,21.371333328261972,14.454666668425006
2023,1,JAX,13.882666654884815,15.771666686361037
2023,1,KC,14.75433331678311,14.024666698276999
2023,1,LA,4.828333325684071,14.512333357085783
2023,1,LAC,1.7433333272735279,17.562333369006712
2023,1,LV,10.409999998038014,20.47900006994605
2023,1,MIA,10.943333332364757,21.379000053554773
2023,1,MIN,12.181666672850648,22.535666682819528
2023,1,NE,22.19499996614953,22.58733332330982
2023,1,NO,16.956666648884614,17.26533330306411
2023,1,NYG,17.589999994635583,13.818666657060385
2023,1,NYJ,24.693666599815092,11.97666664744417
2023,1,PHI,15.870333289851745,15.874999989072482
2023,1,PIT,15.73366661941012,14.23833332757155
2023,1,SEA,13.695333277434111,15.875000014901161
2023,1,SF,10.991999942436813,13.843999984239538
2023,1,TB,12.300666635980209,5.98566664494574
2023,1,TEN,10.05733328734835,12.885666648919383
2023,1,WAS,10.05733328734835,10.377333299691477
2023,2,CAR,4.418666676680247,9.20000000529819
2023,2,IND,1.919999999801318,9.20000000529819
2023,2,LA,0.0,0.0
2023,2,LAC,0.0,0.0
2023,2,NE,0.0,0.0
2023,2,NO,0.0,
2023,2,PIT,0.0,
2023,3,ARI,0.0,
2023,3,CIN,0.0,0.0
2023,3,DET,0.0,0.0
2023,3,IND,1.8383333285649617,0.0
2023,3,MIN,1.8383333285649617,0.0
2023,3,NE,1.8383333285649617,
2023,3,PHI,1.8383333285649617,7.353333314259847
2023,3,PIT,0.0,7.353333314259847
2023,3,SEA,0.0,3.6766666571299216
2023,4,ATL,0.0,3.6766666571299216
2023,4,CAR,0.0,0.0
2023,4,CLE,0.0,0.0
2023,4,IND,0.0,0.0
2023,4,KC,0.0,0.0
2023,4,LAC,0.0,0.0
2023,4,NO,0.0,0.0
2023,4,NYJ,0.0,
2023,4,PIT,0.0,0.0
2023,4,SF,0.0,0.0
2023,4,TEN,0.0,0.0
2023,5,ARI,0.0,0.0
2023,5,BAL,0.0,0.0
2023,5,CIN,0.0,0.0
2023,5,DEN,0.0,0.0
2023,5,DET,0.0,0.0
2023,5,LV,0.0,0.0
2023,5,MIA,0.0,0.0
2023,5,MIN,0.0,0.0
2023,5,PIT,0.0,0.0
2023,6,ARI,0.0,0.0
2023,6,ATL,1.9316666781902314,0.0
2023,6,CHI,4.866666692495347,0.0
2023,6,DET,4.866666692495347,0.0
2023,6,IND,4.866666692495347,0.0
2023,6,LV,2.935000014305115,0.0
2023,6,MIA,0.0,5.870000028610228
2023,6,MIN,0.0,5.870000028610228
2023,7,ATL,0.0,11.74000005722046
2023,7,CHI,0.0,11.74000005722046
2023,7,GB,0.0,0.0
2023,7,IND,0.0,0.0
2023,7,KC,0.6233333319425582,0.0
2023,7,LA,3.2883333653211597,0.0
2023,7,NE,3.2883333653211597,0.0
2023,7,PHI,6.365333357453347,0.0
2023,7,PIT,5.742000025510788,0.0
2023,7,SEA,3.076999992132187,0.0
2023,8,CAR,3.076999992132187,1.1937777704662735
2023,8,CLE,0.895333327849706,1.1937777704662735
2023,8,DAL,0.895333327849706,1.7906666556994102
2023,8,NYG,0.895333327849706,1.7906666556994102
2023,8,NYJ,0.895333327849706,0.0
2023,8,PIT,0.0,0.0
2023,8,SEA,0.0,0.0
2023,9,ARI,0.0,6.259333268801369
2023,9,BUF,0.0,4.17288884586758
2023,9,CLE,0.0,4.17288884586758
2023,9,HOU,0.0,4.17288884586758
2023,9,MIN,3.1296666344006856,0.0
2023,9,NYG,3.1296666344006856,0.0
2023,9,PHI,3.1296666344006856,
2023,10,BUF,3.1296666344006856,
2023,10,CLE,0.0,0.0
2023,10,DAL,0.0,0.0
2023,10,DET,0.0,0.0
2023,10,GB,0.0,0.0
2023,10,LV,0.0,0.0
2023,10,NYG,0.0,0.0
2023,10,SEA,0.0,
2023,11,ARI,0.0,0.0
2023,11,LA,0.0,0.0
2023,11,LAC,0.0,0.0
2023,11,MIA,0.0,0.0
2023,11,MIN,0.0,0.0
2023,11,PHI,0.0,
2023,12,ARI,0.0,
2023,12,BAL,0.0,
2023,12,CLE,0.0,0.0
2023,12,GB,0.8799999948590994,0.0
2023,12,LAC,0.8799999948590994,0.0
2023,12,MIA,3.280000004793207,0.0
2023,12,MIN,3.280000004793207,0.0
2023,12,NE,2.4000000099341077,1.173333326478798
2023,12,NO,2.4000000099341077,1.173333326478798
2023,12,TB,0.0,1.759999989718197
2023,13,GB,0.0,3.5199999794363976
2023,13,KC,0.0,
2023,13,NE,0.0,
2023,13,PHI,0.0,
2023,14,CAR,0.0,
2023,14,GB,0.0,
2023,14,HOU,0.0,
2023,14,NYG,0.0,
2023,14,NYJ,0.0,
2023,14,PIT,0.0,0.0
2023,14,SEA,0.0,0.0
2023,15,BAL,0.0,0.0
2023,15,CAR,0.0,0.0
2023,15,GB,0.0,0.0
2023,15,HOU,0.0,0.0
2023,15,NO,0.0,0.0
2023,16,ARI,0.0,0.0
2023,16,BAL,0.0,0.0
2023,16,HOU,0.0,0.0
2023,16,IND,0.0,0.0
2023,16,JAX,0.0,0.0
2023,16,LAC,0.0,0.0
2023,16,NE,0.0,0.0
2023,16,NYJ,0.0,0.0
2023,17,JAX,1.144999991854032,0.0
2023,17,LV,1.144999991854032,0.0
2023,17,PHI,1.144999991854032,0.0
2023,17,TEN,1.144999991854032,
2023,17,WAS,0.0,
2023,18,BAL,0.0,0.0
2023,18,CAR,0.0,0.0
2023,18,CLE,1.3706666549046835,0.0
2023,18,DAL,1.3706666549046835,0.0
2023,18,DEN,1.3706666549046835,
2023,18,IND,1.3706666549046835,0.0
2023,18,LV,0.0,0.0
2023,18,WAS,0.0,0.0
2024,1,ARI,0.8500000019868215,5.700000007947284
2024,1,ATL,8.809333365162214,27.397333282977343
2024,1,BAL,10.172000021735826,27.10577775819434
2024,1,BUF,17.350333362817764,23.789333324506877
2024,1,CAR,19.403666673103967,23.037666668991246
2024,1,CHI,19.196000024427967,15.466333356375495
2024,1,CIN,22.53500002299746,10.567666662608584
2024,1,CLE,20.918333361297844,7.10766665674746
2024,1,DAL,21.206666687875984,6.772666633874178
2024,1,DEN,14.756666644414263,9.511999995509784
2024,1,DET,10.054999989271163,9.081666683157286
2024,1,GB,7.481666627029576,12.89833334585031
2024,1,HOU,6.3616666391491865,14.543333329757056
2024,1,IND,5.059999968111514,12.349666595210632
2024,1,JAX,8.766666635870932,15.654333241532246
2024,1,KC,7.033333317811289,13.857666586587825
2024,1,LA,7.989999973153074,10.44933327709635
2024,1,LAC,15.90233334514002,15.442333361258108
2024,1,LV,18.408666660760836,14.486000031108658
2024,1,MIA,18.26033331801494,12.466000023360053
2024,1,MIN,22.181666621069112,20.405000091965
2024,1,NE,24.822666683420536,19.020666688183944
2024,1,NO,18.6096667000403,15.370666700974109
2024,1,NYG,19.22966669288774,21.664333312399688
2024,1,NYJ,15.277000019140539,13.725333243794742
2024,1,PHI,11.610333293986816,9.26366658092787
2024,1,PIT,18.8396666292722,11.070333241236709
2024,1,SEA,20.34433328155428,9.236666607484224
2024,1,SF,19.029000006243585,14.658333209777874
2024,1,TB,12.142333297058938,12.784999892239773
2024,1,TEN,10.566666613022484,14.095999886219701
2024,1,WAS,13.511333297938105,23.109333402415118
2024,2,CLE,11.829666637629266,23.583555733495288
2024,2,DEN,11.829666637629266,22.12133353087637
2024,2,GB,6.1759999863803365,26.946666987737018
2024,2,NYG,0.0,0.0
2024,2,NYJ,0.0,0.0
2024,2,PHI,0.0,
2024,2,PIT,0.0,0.0
2024,2,TEN,0.0,0.0
2024,3,BAL,0.0,0.0
2024,3,CLE,0.0,0.0
2024,3,GB,0.0,0.0
2024,3,HOU,0.0,0.0
2024,3,KC,0.0,0.0
2024,3,LA,0.0,0.0
2024,3,MIA,0.0,0.0
2024,3,SEA,0.0,0.0
2024,4,BUF,0.0,
2024,4,CHI,0.0,
2024,4,GB,0.0,0.0
2024,4,KC,0.0,0.0
2024,4,LAC,0.0,0.0
2024,4,NE,0.0,0.0
2024,4,NYG,0.0,0.0
2024,5,CAR,0.0,0.0
2024,5,DEN,0.0,0.0
2024,5,JAX,0.0,0.0
2024,5,LV,0.0,
2024,5,NE,0.0,
2024,5,NYG,0.0,
2024,5,PIT,0.0,
2024,6,ATL,0.0,0.0
2024,6,DAL,0.0,0.0
2024,6,DEN,0.0,0.0
2024,6,GB,0.0,0.0
2024,6,HOU,0.0,
2024,6,TEN,0.0,
2024,7,BUF,3.465000003576277,
2024,7,CAR,3.465000003576277,
2024,7,GB,3.465000003576277,
2024,7,IND,3.465000003576277,
2024,7,LAC,0.0,0.0
2024,7,MIN,0.0,0.0
2024,7,NO,0.0,0.0
2024,7,NYJ,3.3393333196639996,0.0
2024,7,PIT,3.3393333196639996,0.0
2024,7,TB,3.3393333196639996,0.0
2024,7,TEN,3.3393333196639996,0.0
2024,8,ARI,0.0,0.0
2024,8,ATL,0.0,0.0
2024,8,CHI,0.0,0.0
2024,8,CLE,0.0,0.0
2024,8,KC,2.334999989469844,0.0
2024,8,LV,2.334999989469844,0.0
2024,8,MIA,2.334999989469844,0.0
2024,8,NO,2.334999989469844,0.0
2024,8,PIT,0.0,
2024,8,SF,0.0,0.0
2024,8,TB,0.0,0.0
2024,8,WAS,0.0,0.0
2024,9,BAL,0.0,0.0
2024,9,BUF,0.0,
2024,9,CAR,0.0,0.0
2024,9,JAX,0.0,0.0
2024,9,NE,0.0,0.0
2024,10,CAR,0.0,0.0
2024,10,CHI,0.0,0.0
2024,10,CIN,0.0,0.0
2024,10,DAL,0.0,0.0
2024,10,JAX,0.0,0.0
2024,10,KC,0.0,0.0
2024,10,NO,0.0,0.0
2024,10,PIT,1.0333333363135637,
2024,10,SF,1.0333333363135637,
2024,11,ATL,1.0333333363135637,
2024,11,CIN,1.0333333363135637,
2024,11,DAL,0.0,
2024,11,MIA,0.0,
2024,11,PIT,0.0,
2024,11,SEA,0.0,
2024,12,KC,0.0,
2024,12,LV,0.0,
2024,12,NYG,0.0,
2024,12,SEA,0.0,
2024,13,HOU,0.0,
2024,13,MIN,0.0,
2024,13,NYG,0.0,0.0
2024,13,NYJ,0.0,0.0
2024,13,SEA,0.0,0.0
2024,13,TEN,0.0,0.0
2024,14,ATL,0.0,0.0
2024,14,CAR,0.0,0.0
2024,14,CHI,0.0,0.0
2024,14,JAX,0.0,0.0
2024,14,LAC,0.0,0.0
2024,14,LV,0.0,0.0
2024,14,NYG,0.0,0.0
2024,14,PHI,0.0,0.0
2024,14,SEA,0.0,0.0
2024,14,SF,0.0,0.0
2024,15,CAR,0.0,0.0
2024,15,CHI,0.0,0.0
2024,15,CLE,0.0,0.0
2024,15,JAX,0.0,0.0
2024,15,LV,0.0,0.0
2024,15,NO,0.0,0.0
2024,15,WAS,0.0,0.0
2024,16,CLE,0.0,
2024,16,IND,0.0,
2024,16,LV,0.0,
2024,16,MIA,0.0,
2024,16,NE,0.0,
2024,16,NO,0.0,0.0
2024,16,NYJ,0.0,0.0
2024,16,WAS,0.0,0.0
2024,17,ATL,0.0,0.0
2024,17,BAL,0.0,0.0
2024,17,GB,0.0,0.0
2024,17,HOU,0.0,0.0
2024,17,KC,0.0,0.0
2024,17,PHI,0.0,0.0
2024,17,WAS,0.0,0.0
2024,18,CLE,0.0,0.0
