team,year,coach,salary,years,total value,current,prev team,side,resigned,season,epa_offense,pass_epa_offense,rush_epa_offense,passing_yards_offense,rushing_yards_offense,first_down_offense,touchdown_offense,sack_offense,punt_attempt_offense,penalty_offense,air_yards_offense,drive_first_downs_offense,drive_inside20_offense,qb_epa_offense,pass_oe_offense,epa_defense,pass_epa_defense,rush_epa_defense,passing_yards_defense,rushing_yards_defense,first_down_defense,touchdown_defense,sack_defense,punt_attempt_defense,penalty_defense,air_yards_defense,drive_first_downs_defense,drive_inside20_defense,qb_epa_defense,pass_oe_defense,points_for,points_against,points_diff,points_diff_comp,points_diff_comp2,prev_epa_offense,prev_pass_epa_offense,prev_rush_epa_offense,prev_passing_yards_offense,prev_rushing_yards_offense,prev_first_down_offense,prev_touchdown_offense,prev_sack_offense,prev_punt_attempt_offense,prev_penalty_offense,prev_air_yards_offense,prev_drive_first_downs_offense,prev_drive_inside20_offense,prev_qb_epa_offense,prev_pass_oe_offense,prev_epa_defense,prev_pass_epa_defense,prev_rush_epa_defense,prev_passing_yards_defense,prev_rushing_yards_defense,prev_first_down_defense,prev_touchdown_defense,prev_sack_defense,prev_punt_attempt_defense,prev_penalty_defense,prev_air_yards_defense,prev_drive_first_downs_defense,prev_drive_inside20_defense,prev_qb_epa_defense,prev_pass_oe_defense,prev_points_for,prev_points_against,prev_points_diff,prev_points_diff_comp,prev_points_diff_comp2,diff_epa_offense,diff_pass_epa_offense,diff_rush_epa_offense,diff_passing_yards_offense,diff_rushing_yards_offense,diff_first_down_offense,diff_touchdown_offense,diff_sack_offense,diff_punt_attempt_offense,diff_penalty_offense,diff_air_yards_offense,diff_drive_first_downs_offense,diff_drive_inside20_offense,diff_qb_epa_offense,diff_pass_oe_offense,diff_epa_defense,diff_pass_epa_defense,diff_rush_epa_defense,diff_passing_yards_defense,diff_rushing_yards_defense,diff_first_down_defense,diff_touchdown_defense,diff_sack_defense,diff_punt_attempt_defense,diff_penalty_defense,diff_air_yards_defense,diff_drive_first_downs_defense,diff_drive_inside20_defense,diff_qb_epa_defense,diff_pass_oe_defense,diff_points_for,diff_points_against,diff_points_diff,diff_points_diff_comp,diff_points_diff_comp2,prev_team_epa_offense,prev_team_pass_epa_offense,prev_team_rush_epa_offense,prev_team_passing_yards_offense,prev_team_rushing_yards_offense,prev_team_first_down_offense,prev_team_touchdown_offense,prev_team_sack_offense,prev_team_punt_attempt_offense,prev_team_penalty_offense,prev_team_air_yards_offense,prev_team_drive_first_downs_offense,prev_team_drive_inside20_offense,prev_team_qb_epa_offense,prev_team_pass_oe_offense,prev_team_epa_defense,prev_team_pass_epa_defense,prev_team_rush_epa_defense,prev_team_passing_yards_defense,prev_team_rushing_yards_defense,prev_team_first_down_defense,prev_team_touchdown_defense,prev_team_sack_defense,prev_team_punt_attempt_defense,prev_team_penalty_defense,prev_team_air_yards_defense,prev_team_drive_first_downs_defense,prev_team_drive_inside20_defense,prev_team_qb_epa_defense,prev_team_pass_oe_defense,prev_team_points_for,prev_team_points_against,prev_team_points_diff,prev_team_points_diff_comp,prev_team_points_diff_comp2
BAL,2014,John Harbaugh,7.0,1.0,7.0,False,BAL,def,True,2014.0,85.438385,108.61995,-26.106829,4245.0,2072.0,356.0,47.0,20.0,62.0,106.0,4959.0,3750.0,665.0,100.43442,-0.6872773,-56.12117,38.5377,-82.75541,4697.0,1480.0,330.0,33.0,54.0,79.0,125.0,5109.0,3930.0,668.0,-38.187523,1.8055208,439.0,319.0,120.0,1.906542940561586,-1.906542940561586,-60.791332,-0.07465267,-105.100006,3914.0,1328.0,288.0,32.0,48.0,91.0,130.0,5781.0,3004.0,491.0,-60.791332,3.1404767,-29.406195,24.153885,-56.609386,3938.0,1687.0,281.0,34.0,40.0,98.0,108.0,5096.0,3060.0,441.0,-25.650593,0.9474741,320.0,352.0,-32.0,-0.3468998212156074,0.3468998212156074,146.22972,108.6946,78.99318,331.0,744.0,68.0,15.0,-28.0,-29.0,-24.0,-822.0,746.0,174.0,161.22575,-3.827754,-26.714975,14.383816,-26.146023,759.0,-207.0,49.0,-1.0,14.0,-19.0,17.0,13.0,870.0,227.0,-12.53693,0.85804665,119.0,-33.0,152.0,2.2534427617771935,-2.2534427617771935,-60.791332,-0.07465267,-105.100006,3914.0,1328.0,288.0,32.0,48.0,91.0,130.0,5781.0,3004.0,491.0,-60.791332,3.1404767,-29.406195,24.153885,-56.609386,3938.0,1687.0,281.0,34.0,40.0,98.0,108.0,5096.0,3060.0,441.0,-25.650593,0.9474741,320.0,352.0,-32.0,-0.3468998212156074,0.3468998212156074
CAR,2014,Ron Rivera,4.5,3.0,13.5,False,CAR,def,True,2014.0,-60.284584,33.68898,-55.11521,4026.0,2216.0,371.0,40.0,43.0,78.0,106.0,5528.0,4002.0,548.0,-54.790016,-1.8592528,-42.68624,15.742671,-31.314936,3995.0,1819.0,311.0,45.0,44.0,81.0,89.0,4292.0,3537.0,511.0,-21.229694,-0.21979718,366.0,390.0,-24.0,-0.46423314470967125,0.46423314470967125,60.56731,74.76601,-24.261793,3379.0,2026.0,313.0,38.0,43.0,70.0,70.0,4238.0,3481.0,534.0,64.99585,-0.93747544,-70.23209,-40.098503,-53.50187,3853.0,1391.0,274.0,25.0,60.0,73.0,94.0,4506.0,3196.0,498.0,-60.791702,3.9423301,366.0,241.0,125.0,2.0598244710443554,-2.0598244710443554,-120.8519,-41.077026,-30.853418,647.0,190.0,58.0,2.0,0.0,8.0,36.0,1290.0,521.0,14.0,-119.785866,-0.92177737,27.545853,55.841175,22.186934,142.0,428.0,37.0,20.0,-16.0,8.0,-5.0,-214.0,341.0,13.0,39.562008,-4.1621275,0.0,149.0,-149.0,-2.5240576157540264,2.5240576157540264,60.56731,74.76601,-24.261793,3379.0,2026.0,313.0,38.0,43.0,70.0,70.0,4238.0,3481.0,534.0,64.99585,-0.93747544,-70.23209,-40.098503,-53.50187,3853.0,1391.0,274.0,25.0,60.0,73.0,94.0,4506.0,3196.0,498.0,-60.791702,3.9423301,366.0,241.0,125.0,2.0598244710443554,-2.0598244710443554
CIN,2014,Marvin Lewis,4.5,1.0,4.5,False,CIN,def,False,2014.0,-32.127377,-21.134468,-8.878719,3706.0,2257.0,325.0,44.0,26.0,81.0,103.0,4194.0,3384.0,528.0,-18.60171,-3.8863583,-34.942924,22.421045,-29.017395,4389.0,1975.0,355.0,37.0,21.0,79.0,119.0,5431.0,4292.0,700.0,-30.653837,-0.85756135,375.0,370.0,5.0,0.0476304780976438,-0.0476304780976438,19.085926,55.621895,-37.774673,4652.0,1868.0,353.0,52.0,32.0,78.0,89.0,5481.0,3693.0,510.0,41.240997,3.4086707,-91.97426,-51.814075,-43.50791,3751.0,1740.0,295.0,38.0,44.0,96.0,91.0,4967.0,3261.0,431.0,-71.68549,4.0242934,440.0,332.0,108.0,1.5810467705730966,-1.5810467705730966,-51.213303,-76.75636,28.895954,-946.0,389.0,-28.0,-8.0,-6.0,3.0,14.0,-1287.0,-309.0,18.0,-59.842705,-7.2950287,57.031334,74.23512,14.490517,638.0,235.0,60.0,-1.0,-23.0,-17.0,28.0,464.0,1031.0,269.0,41.031654,-4.881855,-65.0,38.0,-103.0,-1.5334162924754529,1.5334162924754529,19.085926,55.621895,-37.774673,4652.0,1868.0,353.0,52.0,32.0,78.0,89.0,5481.0,3693.0,510.0,41.240997,3.4086707,-91.97426,-51.814075,-43.50791,3751.0,1740.0,295.0,38.0,44.0,96.0,91.0,4967.0,3261.0,431.0,-71.68549,4.0242934,440.0,332.0,108.0,1.5810467705730966,-1.5810467705730966
DEN,2014,John Fox,5.5,3.0,16.5,False,DEN,def,False,2014.0,74.78743,127.355606,-32.953278,4779.0,1785.0,358.0,58.0,17.0,69.0,125.0,5121.0,3632.0,626.0,79.42101,1.6390734,-64.95007,3.6368253,-64.79509,3859.0,1276.0,307.0,41.0,41.0,88.0,98.0,4855.0,3718.0,613.0,-52.421043,4.0799394,482.0,354.0,128.0,1.8031698632050748,-1.8031698632050748,253.97153,254.6321,-13.129723,5572.0,1873.0,435.0,74.0,20.0,66.0,103.0,5263.0,4497.0,679.0,262.5454,7.3993783,31.720287,62.897045,-69.941986,4360.0,1626.0,333.0,49.0,41.0,89.0,111.0,5672.0,3717.0,623.0,44.138496,2.486417,606.0,399.0,207.0,2.7202312331632794,-2.7202312331632794,-179.1841,-127.27649,-19.823555,-793.0,-88.0,-77.0,-16.0,-3.0,3.0,22.0,-142.0,-865.0,-53.0,-183.12439,-5.760305,-96.670364,-59.26022,5.1468964,-501.0,-350.0,-26.0,-8.0,0.0,-1.0,-13.0,-817.0,1.0,-10.0,-96.55954,1.5935223,-124.0,-45.0,-79.0,-0.9170613699582046,0.9170613699582046,253.97153,254.6321,-13.129723,5572.0,1873.0,435.0,74.0,20.0,66.0,103.0,5263.0,4497.0,679.0,262.5454,7.3993783,31.720287,62.897045,-69.941986,4360.0,1626.0,333.0,49.0,41.0,89.0,111.0,5672.0,3717.0,623.0,44.138496,2.486417,606.0,399.0,207.0,2.7202312331632794,-2.7202312331632794
NYG,2014,Tom Coughlin,7.0,4.0,28.0,False,NYG,off,False,2014.0,-39.807,48.637486,-64.674255,4470.0,1603.0,331.0,48.0,30.0,81.0,103.0,5023.0,3572.0,623.0,-10.666495,-0.9340886,-15.793777,29.074692,-10.195759,4163.0,2162.0,323.0,41.0,47.0,75.0,102.0,4809.0,3439.0,526.0,-11.43149,-1.4745177,380.0,400.0,-20.0,-0.4706469500317736,0.4706469500317736,-145.22174,-56.17259,-87.24922,3875.0,1332.0,277.0,38.0,40.0,91.0,83.0,5372.0,2618.0,343.0,-128.50247,2.1920087,-50.314583,-1.9469285,-69.85097,3787.0,1743.0,321.0,36.0,34.0,87.0,113.0,4884.0,3598.0,494.0,-47.26899,1.4713401,294.0,383.0,-89.0,-1.1949901243803969,1.1949901243803969,105.41474,104.810074,22.574966,595.0,271.0,54.0,10.0,-10.0,-10.0,20.0,-349.0,954.0,280.0,117.835976,-3.1260972,34.520805,31.02162,59.65521,376.0,419.0,2.0,5.0,13.0,-12.0,-11.0,-75.0,-159.0,32.0,35.8375,-2.9458578,86.0,17.0,69.0,0.7243431743486233,-0.7243431743486233,-145.22174,-56.17259,-87.24922,3875.0,1332.0,277.0,38.0,40.0,91.0,83.0,5372.0,2618.0,343.0,-128.50247,2.1920087,-50.314583,-1.9469285,-69.85097,3787.0,1743.0,321.0,36.0,34.0,87.0,113.0,4884.0,3598.0,494.0,-47.26899,1.4713401,294.0,383.0,-89.0,-1.1949901243803969,1.1949901243803969
WAS,2014,Jay Gruden,4.0,5.0,20.0,False,CIN,off,True,2014.0,-77.114204,-21.02482,-34.580933,4461.0,1691.0,313.0,39.0,58.0,78.0,139.0,4223.0,3195.0,486.0,-52.204403,-1.2550234,71.6851,146.96907,-68.71159,4231.0,1722.0,301.0,47.0,36.0,80.0,124.0,4792.0,3232.0,509.0,80.64551,1.3541818,301.0,438.0,-137.0,-2.2780615942547673,2.2780615942547673,-104.10528,-39.284725,-27.041193,4057.0,2164.0,325.0,40.0,43.0,85.0,108.0,5192.0,3491.0,553.0,-85.7614,-3.2640102,54.09376,60.77338,-24.806211,4134.0,1769.0,322.0,58.0,36.0,74.0,74.0,4082.0,3477.0,595.0,70.93226,4.25398,334.0,478.0,-144.0,-2.193121325341128,2.193121325341128,26.991074,18.259905,-7.5397396,404.0,-473.0,-12.0,-1.0,15.0,-7.0,31.0,-969.0,-296.0,-67.0,33.556995,2.008987,17.591335,86.195694,-43.90538,97.0,-47.0,-21.0,-11.0,0.0,6.0,50.0,710.0,-245.0,-86.0,9.713249,-2.8997984,-33.0,-40.0,7.0,-0.08494026891363937,0.08494026891363937,19.085926,55.621895,-37.774673,4652.0,1868.0,353.0,52.0,32.0,78.0,89.0,5481.0,3693.0,510.0,41.240997,3.4086707,-91.97426,-51.814075,-43.50791,3751.0,1740.0,295.0,38.0,44.0,96.0,91.0,4967.0,3261.0,431.0,-71.68549,4.0242934,440.0,332.0,108.0,1.5810467705730966,-1.5810467705730966
ATL,2015,Dan Quinn,4.5,3.0,13.5,False,SEA,def,False,2015.0,-21.822079,80.58743,-81.36887,4602.0,1606.0,355.0,37.0,32.0,59.0,103.0,4788.0,4155.0,602.0,-10.084208,0.21980186,-12.237742,59.33035,-46.09333,3999.0,1680.0,331.0,42.0,19.0,65.0,92.0,4626.0,3807.0,590.0,-0.9482905,-0.16484533,339.0,345.0,-6.0,-0.02364784556309013,0.02364784556309013,11.869537,64.99132,-57.546272,4758.0,1498.0,328.0,44.0,31.0,67.0,92.0,4896.0,3542.0,484.0,31.24471,3.2343807,54.307972,100.64751,-20.973839,4618.0,1894.0,357.0,44.0,22.0,56.0,95.0,5186.0,4162.0,660.0,78.086624,-1.0927703,381.0,417.0,-36.0,-0.789064502250129,0.789064502250129,-33.691616,15.596115,-23.822601,-156.0,108.0,27.0,-7.0,1.0,-8.0,11.0,-108.0,613.0,118.0,-41.32892,-3.0145788,-66.545715,-41.317158,-25.119492,-619.0,-214.0,-26.0,-2.0,-3.0,9.0,-3.0,-560.0,-355.0,-70.0,-79.03491,0.927925,-42.0,-72.0,30.0,0.7654166566870388,-0.7654166566870388,39.31413,79.29092,13.866353,3492.0,2762.0,325.0,42.0,42.0,62.0,99.0,3715.0,3362.0,565.0,48.04035,-4.417821,-116.29447,-21.873848,-85.161026,3204.0,1296.0,273.0,28.0,37.0,83.0,101.0,3962.0,3269.0,467.0,-107.31553,-2.2105355,394.0,254.0,140.0,2.5686558254120913,-2.5686558254120913
BUF,2015,Rex Ryan,5.5,5.0,27.5,False,NYJ,def,False,2015.0,15.534447,42.26278,-16.686531,3600.0,2432.0,293.0,44.0,42.0,82.0,119.0,4737.0,3166.0,412.0,33.01606,-8.202167,-2.1758127,37.911182,-9.623686,4097.0,1730.0,316.0,43.0,21.0,75.0,136.0,5568.0,3719.0,512.0,3.479351,4.0057445,379.0,359.0,20.0,0.3434414800501411,-0.3434414800501411,-89.062195,-17.917116,-59.831226,3856.0,1482.0,271.0,33.0,39.0,86.0,90.0,4173.0,2814.0,486.0,-75.034256,0.48485115,-156.41568,-57.083103,-52.946316,3600.0,1703.0,299.0,29.0,54.0,88.0,138.0,4559.0,3471.0,503.0,-138.88025,1.6205527,343.0,289.0,54.0,1.1974615279655154,-1.1974615279655154,104.59664,60.179893,43.144695,-256.0,950.0,22.0,11.0,3.0,-4.0,29.0,564.0,352.0,-74.0,108.050316,-8.687017,154.23987,94.994286,43.32263,497.0,27.0,17.0,14.0,-33.0,-13.0,-2.0,1009.0,248.0,9.0,142.3596,2.385192,36.0,70.0,-34.0,-0.8540200479153743,0.8540200479153743,-87.10156,-34.915813,-48.395718,3206.0,2243.0,286.0,31.0,47.0,79.0,93.0,4128.0,3239.0,541.0,-87.10156,-7.4198604,36.610855,89.002045,-41.54676,4056.0,1489.0,298.0,42.0,45.0,81.0,106.0,4521.0,3315.0,532.0,41.012676,2.1881492,283.0,401.0,-118.0,-1.7984543737220937,1.7984543737220937
DAL,2015,Jason Garrett,6.0,5.0,30.0,False,DAL,off,False,2015.0,-72.58054,-42.351673,-30.009188,3677.0,1890.0,303.0,29.0,33.0,69.0,110.0,4053.0,3382.0,480.0,-46.669613,-4.4723234,42.093628,76.44232,-25.176228,3861.0,1934.0,313.0,38.0,31.0,74.0,115.0,3606.0,3693.0,567.0,48.165943,-2.3600175,275.0,374.0,-99.0,-1.5664324270237096,1.5664324270237096,116.89451,164.91602,-34.709087,4301.0,2427.0,357.0,59.0,36.0,62.0,108.0,4505.0,3717.0,549.0,136.7806,-6.7762737,-18.328577,41.336143,-33.9091,4510.0,1740.0,331.0,45.0,31.0,71.0,115.0,4462.0,3775.0,569.0,13.841016,-1.6786478,491.0,372.0,119.0,1.5731281650565772,-1.5731281650565772,-189.47505,-207.26768,4.6998997,-624.0,-537.0,-54.0,-30.0,-3.0,7.0,2.0,-452.0,-335.0,-69.0,-183.45021,2.3039503,60.422203,35.10618,8.732872,-649.0,194.0,-18.0,-7.0,0.0,3.0,0.0,-856.0,-82.0,-2.0,34.32493,-0.6813698,-216.0,2.0,-218.0,-3.1395605920802865,3.1395605920802865,116.89451,164.91602,-34.709087,4301.0,2427.0,357.0,59.0,36.0,62.0,108.0,4505.0,3717.0,549.0,136.7806,-6.7762737,-18.328577,41.336143,-33.9091,4510.0,1740.0,331.0,45.0,31.0,71.0,115.0,4462.0,3775.0,569.0,13.841016,-1.6786478,491.0,372.0,119.0,1.5731281650565772,-1.5731281650565772
CAR,2016,Ron Rivera,6.5,3.0,19.5,False,CAR,def,True,2016.0,-70.865265,-25.18683,-26.529675,3962.0,1814.0,316.0,42.0,36.0,76.0,125.0,5711.0,3180.0,466.0,-68.61307,-2.7775235,-36.95781,36.890224,-38.180458,4561.0,1465.0,325.0,41.0,47.0,71.0,84.0,4924.0,3761.0,632.0,-34.811493,2.465797,369.0,402.0,-33.0,-0.6182226459251458,0.6182226459251458,81.34334,90.63227,-10.543203,3873.0,2282.0,354.0,57.0,33.0,70.0,105.0,5180.0,3697.0,628.0,95.90071,-1.5223111,-134.4995,-74.07671,-56.90849,4054.0,1415.0,295.0,37.0,44.0,78.0,96.0,5164.0,3530.0,498.0,-114.498,-0.43028826,500.0,308.0,192.0,3.189110016990411,-3.189110016990411,-152.2086,-115.8191,-15.986471,89.0,-468.0,-38.0,-15.0,3.0,6.0,20.0,531.0,-517.0,-162.0,-164.51378,-1.2552124,97.54169,110.966934,18.728031,507.0,50.0,30.0,4.0,3.0,-7.0,-12.0,-240.0,231.0,134.0,79.68651,2.8960853,-131.0,94.0,-225.0,-3.807332662915557,3.807332662915557,81.34334,90.63227,-10.543203,3873.0,2282.0,354.0,57.0,33.0,70.0,105.0,5180.0,3697.0,628.0,95.90071,-1.5223111,-134.4995,-74.07671,-56.90849,4054.0,1415.0,295.0,37.0,44.0,78.0,96.0,5164.0,3530.0,498.0,-114.498,-0.43028826,500.0,308.0,192.0,3.189110016990411,-3.189110016990411
CLE,2016,Hue Jackson,4.5,4.0,19.0,False,CIN,off,False,2016.0,-93.14594,-7.370112,-43.280632,3693.0,1712.0,291.0,30.0,66.0,83.0,111.0,4852.0,3090.0,475.0,-93.14594,0.41798636,118.73039,152.69035,-1.7807455,4173.0,2283.0,360.0,55.0,26.0,74.0,88.0,4722.0,4082.0,629.0,118.73039,-2.633719,264.0,452.0,-188.0,-3.1193699534163586,3.1193699534163586,-114.31161,-18.803555,-61.36867,4156.0,1529.0,305.0,29.0,53.0,70.0,126.0,4871.0,3410.0,531.0,-97.36401,2.585988,55.90133,116.40191,-27.23533,4169.0,2055.0,317.0,48.0,29.0,63.0,102.0,4569.0,3437.0,644.0,80.21273,-0.57758737,278.0,432.0,-154.0,-2.5975077813829635,2.5975077813829635,21.165665,11.433443,18.08804,-463.0,183.0,-14.0,1.0,13.0,13.0,-15.0,-19.0,-320.0,-56.0,4.218071,-2.1680017,62.829063,36.288445,25.454586,4.0,228.0,43.0,7.0,-3.0,11.0,-14.0,153.0,645.0,-15.0,38.517662,-2.0561316,-14.0,20.0,-34.0,-0.5218621720333951,0.5218621720333951,49.75663,132.94058,-66.671425,4316.0,1896.0,341.0,54.0,35.0,75.0,120.0,4748.0,3447.0,565.0,56.41478,0.6456888,-103.69651,-37.403515,-38.02901,4504.0,1644.0,320.0,28.0,46.0,84.0,124.0,5215.0,3785.0,509.0,-89.16435,2.0286765,435.0,297.0,138.0,2.374176642817674,-2.374176642817674
IND,2016,Chuck Pagano,4.5,4.0,18.0,False,IND,def,False,2016.0,63.671223,91.5432,-41.94605,4491.0,1628.0,348.0,49.0,44.0,56.0,119.0,4849.0,3888.0,585.0,69.8764,4.596384,41.84542,95.21804,-18.201473,4411.0,1926.0,349.0,40.0,33.0,63.0,108.0,4952.0,4004.0,582.0,50.252422,1.5613621,411.0,392.0,19.0,0.1941873317370033,-0.1941873317370033,-97.28494,-16.519112,-72.24963,3928.0,1438.0,303.0,36.0,37.0,85.0,129.0,5285.0,3452.0,506.0,-91.96469,2.9361765,-17.585379,64.5943,-62.138744,4365.0,1952.0,328.0,48.0,35.0,80.0,111.0,5601.0,3644.0,590.0,-17.585379,-0.6748671,333.0,408.0,-75.0,-1.288813425284689,1.288813425284689,160.95616,108.06231,30.303585,563.0,190.0,45.0,13.0,7.0,-29.0,-10.0,-436.0,436.0,79.0,161.8411,1.6602075,59.4308,30.623741,43.93727,46.0,-26.0,21.0,-8.0,-2.0,-17.0,-3.0,-649.0,360.0,-8.0,67.8378,2.2362292,78.0,-16.0,94.0,1.4830007570216923,-1.4830007570216923,-97.28494,-16.519112,-72.24963,3928.0,1438.0,303.0,36.0,37.0,85.0,129.0,5285.0,3452.0,506.0,-91.96469,2.9361765,-17.585379,64.5943,-62.138744,4365.0,1952.0,328.0,48.0,35.0,80.0,111.0,5601.0,3644.0,590.0,-17.585379,-0.6748671,333.0,408.0,-75.0,-1.288813425284689,1.288813425284689
LA,2016,Jeff Fisher,7.0,2.0,14.0,False,LA,def,False,2016.0,-200.29295,-140.44934,-62.175827,3313.0,1252.0,244.0,29.0,49.0,98.0,113.0,3907.0,2476.0,364.0,-185.87788,-1.1185443,-6.02612,52.70698,-30.797848,3928.0,1660.0,316.0,45.0,31.0,96.0,119.0,4084.0,3525.0,573.0,10.31766,1.1338139,224.0,394.0,-170.0,-2.6233156250751266,2.6233156250751266,-169.33656,-81.34822,-56.260006,2931.0,1956.0,241.0,31.0,18.0,96.0,105.0,3806.0,2090.0,293.0,-156.9303,-9.147841,-104.86399,-3.4289787,-75.2273,4301.0,1820.0,319.0,32.0,41.0,83.0,125.0,3967.0,3414.0,533.0,-87.50277,0.48557353,280.0,330.0,-50.0,-0.6701288300587325,0.6701288300587325,-30.95639,-59.10112,-5.915821,382.0,-704.0,3.0,-2.0,31.0,2.0,8.0,101.0,386.0,71.0,-28.947586,8.029297,98.83787,56.13596,44.429455,-373.0,-160.0,-3.0,13.0,-10.0,13.0,-6.0,117.0,111.0,40.0,97.82043,0.6482403,-56.0,64.0,-120.0,-1.9531867950163941,1.9531867950163941,-169.33656,-81.34822,-56.260006,2931.0,1956.0,241.0,31.0,18.0,96.0,105.0,3806.0,2090.0,293.0,-156.9303,-9.147841,-104.86399,-3.4289787,-75.2273,4301.0,1820.0,319.0,32.0,41.0,83.0,125.0,3967.0,3414.0,533.0,-87.50277,0.48557353,280.0,330.0,-50.0,-0.6701288300587325,0.6701288300587325
NE,2016,Bill Belichick,7.5,4.0,30.0,False,NE,def,True,2016.0,133.66699,175.65121,-35.220585,4456.0,1872.0,345.0,51.0,24.0,72.0,110.0,4262.0,3675.0,630.0,149.43057,0.6724719,-89.639366,-0.69560575,-45.125805,4033.0,1417.0,291.0,27.0,34.0,80.0,95.0,5424.0,3243.0,491.0,-70.237335,-0.23006459,441.0,250.0,191.0,3.3104545214330137,-3.3104545214330137,99.40661,125.055115,-27.939592,4812.0,1404.0,341.0,54.0,38.0,74.0,112.0,4935.0,3470.0,597.0,110.15878,7.1861615,-71.48865,18.134727,-69.46062,4209.0,1580.0,302.0,34.0,49.0,86.0,96.0,5853.0,3636.0,530.0,-65.3736,-1.2716393,465.0,315.0,150.0,2.510080943377872,-2.510080943377872,34.260384,50.5961,-7.2809925,-356.0,468.0,4.0,-3.0,-14.0,-2.0,-2.0,-673.0,205.0,33.0,39.27179,-6.5136895,-18.150719,-18.830334,24.334812,-176.0,-163.0,-11.0,-7.0,-15.0,-6.0,-1.0,-429.0,-393.0,-39.0,-4.863739,1.0415747,-24.0,-65.0,41.0,0.8003735780551415,-0.8003735780551415,99.40661,125.055115,-27.939592,4812.0,1404.0,341.0,54.0,38.0,74.0,112.0,4935.0,3470.0,597.0,110.15878,7.1861615,-71.48865,18.134727,-69.46062,4209.0,1580.0,302.0,34.0,49.0,86.0,96.0,5853.0,3636.0,530.0,-65.3736,-1.2716393,465.0,315.0,150.0,2.510080943377872,-2.510080943377872
NO,2016,Sean Payton,8.0,5.0,40.0,False,NO,off,True,2016.0,69.89569,115.99837,-3.7370079,5258.0,1742.0,391.0,60.0,27.0,57.0,107.0,4817.0,4232.0,729.0,81.26182,2.158147,69.65019,123.17537,-33.07271,4593.0,1626.0,350.0,46.0,30.0,56.0,104.0,4689.0,3953.0,648.0,91.64539,3.9440162,469.0,454.0,15.0,-0.10950327516890046,0.10950327516890046,39.638912,118.98897,-30.082817,5205.0,1491.0,375.0,50.0,32.0,67.0,111.0,5208.0,4284.0,646.0,57.731003,2.5950937,122.44629,200.291,-50.44447,4755.0,2071.0,373.0,60.0,31.0,62.0,130.0,4642.0,4196.0,721.0,130.268,-1.32076,408.0,476.0,-68.0,-1.3765849344100172,1.3765849344100172,30.256779,-2.9906006,26.34581,53.0,251.0,16.0,10.0,-5.0,-10.0,-4.0,-391.0,-52.0,83.0,23.530815,-0.43694663,-52.796097,-77.11563,17.371761,-162.0,-445.0,-23.0,-14.0,-1.0,-6.0,-26.0,47.0,-243.0,-73.0,-38.622612,5.264776,61.0,-22.0,83.0,1.2670816592411167,-1.2670816592411167,39.638912,118.98897,-30.082817,5205.0,1491.0,375.0,50.0,32.0,67.0,111.0,5208.0,4284.0,646.0,57.731003,2.5950937,122.44629,200.291,-50.44447,4755.0,2071.0,373.0,60.0,31.0,62.0,130.0,4642.0,4196.0,721.0,130.268,-1.32076,408.0,476.0,-68.0,-1.3765849344100172,1.3765849344100172
SF,2016,Chip Kelly,7.0,4.0,28.0,False,PHI,off,False,2016.0,-122.38565,-22.244326,-66.548035,3166.0,2019.0,282.0,37.0,47.0,100.0,81.0,4013.0,2885.0,434.0,-102.625046,-5.189776,76.870415,96.9377,3.6018445,4013.0,2654.0,354.0,55.0,33.0,78.0,109.0,4629.0,3713.0,635.0,88.0289,-4.990607,309.0,480.0,-171.0,-2.976948751429843,2.976948751429843,-111.026276,-38.80128,-51.648617,3646.0,1544.0,258.0,25.0,53.0,92.0,103.0,3902.0,2721.0,433.0,-104.3394,0.525219,51.74872,106.24745,-34.805157,4375.0,2020.0,356.0,42.0,28.0,74.0,121.0,4815.0,4003.0,615.0,58.803616,-0.16086292,238.0,387.0,-149.0,-2.3883579732439975,2.3883579732439975,-11.359375,16.556955,-14.899418,-480.0,475.0,24.0,12.0,-6.0,8.0,-22.0,111.0,164.0,1.0,1.7143555,-5.714995,25.121696,-9.309753,38.407,-362.0,634.0,-2.0,13.0,5.0,4.0,-12.0,-186.0,-290.0,20.0,29.225285,-4.829744,71.0,93.0,-22.0,-0.5885907781858455,0.5885907781858455,-59.131966,-5.511137,-44.92816,4341.0,1743.0,336.0,42.0,37.0,88.0,119.0,4245.0,3489.0,452.0,-50.03754,0.04156239,1.9426446,43.67037,-10.596343,4516.0,2153.0,364.0,53.0,37.0,89.0,108.0,5629.0,4208.0,684.0,26.179232,-0.031184504,377.0,430.0,-53.0,-1.0076983375218926,1.0076983375218926
TB,2016,Dirk Koetter,4.0,5.0,20.0,False,TB,off,False,2016.0,-40.024055,84.264626,-88.31036,4165.0,1616.0,337.0,39.0,35.0,70.0,129.0,5819.0,3745.0,596.0,-40.024055,-0.078887895,-25.730764,19.077623,-16.099669,4246.0,1875.0,324.0,43.0,38.0,70.0,101.0,4874.0,3517.0,524.0,-8.942655,0.12685601,354.0,369.0,-15.0,-0.22064720929605555,0.22064720929605555,-37.24864,67.583626,-60.204895,4042.0,2162.0,335.0,37.0,27.0,56.0,133.0,5340.0,3644.0,557.0,-25.504395,-4.8384275,43.737072,103.98563,-55.209415,4072.0,1606.0,344.0,47.0,38.0,62.0,113.0,4090.0,4032.0,636.0,69.3508,-2.2574692,342.0,417.0,-75.0,-1.3149602280684975,1.3149602280684975,-2.7754173,16.681,-28.105469,123.0,-546.0,2.0,2.0,8.0,14.0,-4.0,479.0,101.0,39.0,-14.519661,4.7595396,-69.467834,-84.908005,39.10975,174.0,269.0,-20.0,-4.0,0.0,8.0,-12.0,784.0,-515.0,-112.0,-78.29346,2.3843253,12.0,-48.0,60.0,1.094313018772442,-1.094313018772442,-37.24864,67.583626,-60.204895,4042.0,2162.0,335.0,37.0,27.0,56.0,133.0,5340.0,3644.0,557.0,-25.504395,-4.8384275,43.737072,103.98563,-55.209415,4072.0,1606.0,344.0,47.0,38.0,62.0,113.0,4090.0,4032.0,636.0,69.3508,-2.2574692,342.0,417.0,-75.0,-1.3149602280684975,1.3149602280684975
DEN,2017,Vance Joseph,4.0,4.0,16.0,False,MIA,def,False,2017.0,-177.94458,-75.8672,-56.489594,3668.0,1852.0,294.0,32.0,52.0,76.0,100.0,4749.0,3195.0,536.0,-164.59851,-3.99863,-73.47391,15.530792,-100.28023,3385.0,1430.0,264.0,43.0,33.0,88.0,102.0,3926.0,2889.0,427.0,-68.67597,-0.34757283,289.0,382.0,-93.0,-1.5885093366366987,1.5885093366366987,-87.62564,-1.8130553,-60.08776,3914.0,1484.0,287.0,32.0,40.0,89.0,100.0,5004.0,2977.0,481.0,-60.509705,1.4240844,-127.243256,-98.97918,-35.656464,3200.0,2085.0,302.0,33.0,42.0,89.0,129.0,4247.0,3703.0,526.0,-113.47861,-3.9358068,333.0,297.0,36.0,0.8211246809472578,-0.8211246809472578,-90.31894,-74.054146,3.5981674,-246.0,368.0,7.0,0.0,12.0,-13.0,0.0,-255.0,218.0,55.0,-104.088806,-5.422714,53.76935,114.50997,-64.623764,185.0,-655.0,-38.0,10.0,-9.0,-1.0,-27.0,-321.0,-814.0,-99.0,44.802635,3.588234,-44.0,85.0,-129.0,-2.4096340175839566,2.4096340175839566,-49.875305,27.623608,-44.068874,4005.0,1876.0,291.0,44.0,35.0,92.0,102.0,4054.0,2690.0,438.0,-37.89816,-5.547678,-3.7698455,46.041107,-16.258057,4298.0,2418.0,364.0,49.0,34.0,76.0,142.0,4712.0,4124.0,627.0,19.330288,-1.6468028,375.0,410.0,-35.0,-0.679467369002927,0.679467369002927
KC,2017,Andy Reid,9.0,5.0,45.0,False,KC,off,True,2017.0,87.67065,113.843475,-29.514889,4590.0,1940.0,336.0,42.0,41.0,70.0,123.0,4434.0,3455.0,559.0,87.67065,2.2032766,-6.9399667,66.65823,-25.815958,4336.0,2092.0,368.0,45.0,33.0,75.0,116.0,6246.0,4377.0,647.0,19.64883,-2.6306553,436.0,361.0,75.0,1.011889283585191,-1.011889283585191,12.225694,54.133354,-39.724777,3914.0,1748.0,303.0,36.0,32.0,76.0,105.0,3732.0,3019.0,515.0,12.244248,1.2221084,-76.493355,2.672391,-32.361324,4120.0,1938.0,337.0,40.0,28.0,69.0,112.0,5103.0,4056.0,619.0,-60.26871,-0.94728667,389.0,311.0,78.0,1.3903375339162714,-1.3903375339162714,75.444954,59.71012,10.209888,676.0,192.0,33.0,6.0,9.0,-6.0,18.0,702.0,436.0,44.0,75.4264,0.98116827,69.55339,63.985844,6.5453663,216.0,154.0,31.0,5.0,5.0,6.0,4.0,1143.0,321.0,28.0,79.91754,-1.6833687,47.0,50.0,-3.0,-0.3784482503310804,0.3784482503310804,12.225694,54.133354,-39.724777,3914.0,1748.0,303.0,36.0,32.0,76.0,105.0,3732.0,3019.0,515.0,12.244248,1.2221084,-76.493355,2.672391,-32.361324,4120.0,1938.0,337.0,40.0,28.0,69.0,112.0,5103.0,4056.0,619.0,-60.26871,-0.94728667,389.0,311.0,78.0,1.3903375339162714,-1.3903375339162714
PIT,2017,Mike Tomlin,8.5,2.0,17.0,False,PIT,def,True,2017.0,59.044487,118.46388,-36.23718,4542.0,1667.0,347.0,44.0,24.0,64.0,115.0,5243.0,3567.0,627.0,59.044487,1.0248361,-49.159035,-14.003731,-24.225668,3610.0,1693.0,267.0,35.0,56.0,77.0,96.0,4158.0,2990.0,411.0,-39.122334,-2.0176587,406.0,308.0,98.0,1.779966485762785,-1.779966485762785,77.23984,108.98595,-12.689402,4574.0,1939.0,352.0,51.0,22.0,71.0,120.0,5297.0,3695.0,546.0,77.23984,-0.033140797,-18.613052,32.409298,-31.107937,4430.0,1652.0,325.0,37.0,43.0,72.0,113.0,4434.0,3799.0,671.0,-7.973765,2.4700527,429.0,339.0,90.0,1.4584300415780476,-1.4584300415780476,-18.19535,9.477936,-23.547777,-32.0,-272.0,-5.0,-7.0,2.0,-7.0,-5.0,-54.0,-128.0,81.0,-18.19535,1.0579768,-30.545982,-46.41303,6.882269,-820.0,41.0,-58.0,-2.0,13.0,5.0,-17.0,-276.0,-809.0,-260.0,-31.14857,-4.4877114,-23.0,-31.0,8.0,0.3215364441847375,-0.3215364441847375,77.23984,108.98595,-12.689402,4574.0,1939.0,352.0,51.0,22.0,71.0,120.0,5297.0,3695.0,546.0,77.23984,-0.033140797,-18.613052,32.409298,-31.107937,4430.0,1652.0,325.0,37.0,43.0,72.0,113.0,4434.0,3799.0,671.0,-7.973765,2.4700527,429.0,339.0,90.0,1.4584300415780476,-1.4584300415780476
WAS,2017,Jay Gruden,4.0,2.0,8.0,False,WAS,off,False,2017.0,-111.92362,25.583261,-77.02106,4093.0,1448.0,275.0,42.0,41.0,83.0,88.0,4153.0,2807.0,447.0,-91.21369,0.087233566,-58.55957,-32.58355,-7.415493,3692.0,2114.0,303.0,38.0,43.0,80.0,104.0,4509.0,3283.0,555.0,-55.22935,-3.6566455,342.0,388.0,-46.0,-0.9586394928866635,0.9586394928866635,76.201256,133.6784,-14.146965,4948.0,1696.0,340.0,45.0,23.0,49.0,108.0,5297.0,3615.0,648.0,85.302925,2.340071,57.854874,105.776306,-29.284214,4383.0,1916.0,361.0,43.0,38.0,61.0,102.0,4473.0,4237.0,608.0,65.680405,-0.46085575,396.0,383.0,13.0,0.1404452995636869,-0.1404452995636869,-188.12488,-108.095146,-62.874092,-855.0,-248.0,-65.0,-3.0,18.0,34.0,-20.0,-1144.0,-808.0,-201.0,-176.51662,-2.2528374,-116.414444,-138.35986,21.868721,-691.0,198.0,-58.0,-5.0,5.0,19.0,2.0,36.0,-954.0,-53.0,-120.90976,-3.1957898,-54.0,5.0,-59.0,-1.0990847924503504,1.0990847924503504,76.201256,133.6784,-14.146965,4948.0,1696.0,340.0,45.0,23.0,49.0,108.0,5297.0,3615.0,648.0,85.302925,2.340071,57.854874,105.776306,-29.284214,4383.0,1916.0,361.0,43.0,38.0,61.0,102.0,4473.0,4237.0,608.0,65.680405,-0.46085575,396.0,383.0,13.0,0.1404452995636869,-0.1404452995636869
CAR,2018,Ron Rivera,7.75,2.0,15.5,False,CAR,def,False,2018.0,49.0716,56.690994,11.524782,4071.0,2136.0,353.0,47.0,32.0,61.0,96.0,4161.0,3587.0,597.0,58.728386,1.5334202,55.23261,81.57773,-27.19909,4062.0,1804.0,313.0,45.0,35.0,64.0,86.0,4506.0,3621.0,566.0,64.10548,0.5801307,376.0,382.0,-6.0,-0.10876598695548048,0.10876598695548048,-20.450611,35.072395,-45.235764,3668.0,2209.0,340.0,42.0,39.0,74.0,98.0,4643.0,3745.0,587.0,-20.450611,-3.489888,-58.98416,9.280038,-56.990215,4345.0,1450.0,301.0,38.0,51.0,73.0,95.0,4988.0,3233.0,510.0,-51.077026,3.9665797,389.0,358.0,31.0,0.40070975117298885,-0.40070975117298885,69.52222,21.618599,56.760544,403.0,-73.0,13.0,5.0,-7.0,-13.0,-2.0,-482.0,-158.0,10.0,79.179,5.0233083,114.21677,72.29769,29.791126,-283.0,354.0,12.0,7.0,-16.0,-9.0,-9.0,-482.0,388.0,56.0,115.1825,-3.3864489,-13.0,24.0,-37.0,-0.5094757381284694,0.5094757381284694,-20.450611,35.072395,-45.235764,3668.0,2209.0,340.0,42.0,39.0,74.0,98.0,4643.0,3745.0,587.0,-20.450611,-3.489888,-58.98416,9.280038,-56.990215,4345.0,1450.0,301.0,38.0,51.0,73.0,95.0,4988.0,3233.0,510.0,-51.077026,3.9665797,389.0,358.0,31.0,0.40070975117298885,-0.40070975117298885
DET,2018,Matt Patricia,4.0,5.0,20.0,False,NE,def,False,2018.0,-65.85622,14.225069,-42.795994,3844.0,1660.0,322.0,37.0,41.0,74.0,91.0,3978.0,3444.0,532.0,-60.50487,-1.754169,-23.711182,76.40392,-38.061943,3897.0,1761.0,313.0,42.0,43.0,68.0,97.0,4817.0,3398.0,475.0,-19.058914,-1.2051557,324.0,360.0,-36.0,-0.3140367448053097,0.3140367448053097,-76.47391,50.309864,-98.46344,4470.0,1221.0,294.0,44.0,47.0,73.0,105.0,4561.0,2887.0,459.0,-67.195526,1.8049881,-117.10229,-13.007145,-40.93142,4120.0,1800.0,348.0,46.0,35.0,71.0,109.0,4847.0,3991.0,621.0,-97.70772,-2.1053112,410.0,376.0,34.0,0.29608727002643964,-0.29608727002643964,10.617691,-36.084793,55.667446,-626.0,439.0,28.0,-7.0,-6.0,1.0,-14.0,-583.0,557.0,73.0,6.6906548,-3.5591571,93.391106,89.41107,2.8694763,-223.0,-39.0,-35.0,-4.0,8.0,-3.0,-12.0,-30.0,-593.0,-146.0,78.6488,0.9001554,-86.0,-16.0,-70.0,-0.6101240148317493,0.6101240148317493,168.9325,174.30788,-18.845789,4619.0,1889.0,384.0,52.0,35.0,58.0,121.0,5356.0,4202.0,745.0,168.9325,2.9691663,-11.972708,50.01475,-18.842493,4319.0,1836.0,320.0,30.0,42.0,67.0,85.0,5302.0,3761.0,602.0,-0.2493105,1.168544,458.0,296.0,162.0,2.8034779428907686,-2.8034779428907686
HOU,2018,Bill O'Brien,4.0,4.0,16.0,False,HOU,off,False,2018.0,0.78108686,84.22778,-59.689743,4400.0,2126.0,350.0,39.0,65.0,79.0,110.0,4689.0,3672.0,616.0,14.344745,0.61266565,-85.42222,30.041708,-85.979576,4699.0,1523.0,321.0,43.0,43.0,84.0,122.0,5160.0,3695.0,521.0,-67.11337,1.341827,409.0,337.0,72.0,1.2518415922844977,-1.2518415922844977,-81.595184,-4.8041453,-52.952637,3644.0,1842.0,309.0,40.0,54.0,92.0,130.0,5204.0,3361.0,472.0,-77.70881,-2.8892121,28.843964,79.26901,-47.650166,3999.0,1747.0,295.0,48.0,32.0,81.0,116.0,4520.0,3072.0,506.0,28.843964,-1.5291661,338.0,436.0,-98.0,-2.1046901726383256,2.1046901726383256,82.376274,89.03193,-6.7371063,756.0,284.0,41.0,-1.0,11.0,-13.0,-20.0,-515.0,311.0,144.0,92.05355,3.5018778,-114.26618,-49.227303,-38.32941,700.0,-224.0,26.0,-5.0,11.0,3.0,6.0,640.0,623.0,15.0,-95.95734,2.8709931,71.0,-99.0,170.0,3.3565317649228232,-3.3565317649228232,-81.595184,-4.8041453,-52.952637,3644.0,1842.0,309.0,40.0,54.0,92.0,130.0,5204.0,3361.0,472.0,-77.70881,-2.8892121,28.843964,79.26901,-47.650166,3999.0,1747.0,295.0,48.0,32.0,81.0,116.0,4520.0,3072.0,506.0,28.843964,-1.5291661,338.0,436.0,-98.0,-2.1046901726383256,2.1046901726383256
NYG,2018,Pat Schurmur,4.0,5.0,20.0,False,MIN,off,False,2018.0,15.634184,36.98598,-19.243584,4405.0,1650.0,296.0,37.0,47.0,71.0,95.0,4373.0,3072.0,562.0,22.15066,-0.9310463,66.63707,89.60811,-13.268742,4229.0,1898.0,341.0,47.0,30.0,66.0,128.0,4576.0,3889.0,667.0,86.89376,-0.9304342,369.0,412.0,-43.0,-0.8242009606243285,0.8242009606243285,-188.47032,-71.450195,-45.165592,3680.0,1549.0,271.0,28.0,35.0,97.0,110.0,4391.0,2853.0,433.0,-188.47032,-0.033106375,-22.275312,63.75678,-52.301304,4199.0,1933.0,311.0,44.0,27.0,74.0,96.0,4583.0,3341.0,541.0,-2.8054445,-1.3850251,246.0,388.0,-142.0,-2.34593132759738,2.34593132759738,204.1045,108.43617,25.922009,725.0,101.0,25.0,9.0,12.0,-26.0,-15.0,-18.0,219.0,129.0,210.62099,-0.8979399,88.912384,25.85133,39.032562,30.0,-35.0,30.0,3.0,3.0,-8.0,32.0,-7.0,548.0,126.0,89.6992,0.45459092,123.0,24.0,99.0,1.5217303669730518,-1.5217303669730518,-7.9636207,96.860886,-66.11745,3929.0,1957.0,329.0,41.0,27.0,71.0,110.0,4006.0,3501.0,563.0,-4.415871,-2.244553,-156.07246,-74.31284,-56.698544,3329.0,1337.0,258.0,24.0,37.0,86.0,95.0,4743.0,2987.0,478.0,-149.91936,-2.3081934,382.0,252.0,130.0,2.7027648559413855,-2.7027648559413855
SEA,2018,Pete Carroll,8.0,3.0,24.0,False,SEA,def,True,2018.0,71.19183,113.17991,-16.340176,3681.0,2626.0,335.0,55.0,52.0,86.0,125.0,4057.0,3593.0,613.0,71.19183,-11.552912,-15.595338,48.33106,-44.416954,4329.0,1975.0,341.0,41.0,44.0,71.0,104.0,4408.0,3614.0,567.0,-14.688535,1.130857,450.0,371.0,79.0,1.066176939616077,-1.066176939616077,-53.724964,41.152225,-66.15518,3979.0,1612.0,299.0,40.0,43.0,92.0,121.0,5439.0,3066.0,456.0,-48.14524,4.0364337,-81.50174,-9.117933,-51.944622,3616.0,1824.0,310.0,37.0,39.0,85.0,128.0,5024.0,3565.0,450.0,-77.01001,-1.5447953,366.0,332.0,34.0,0.6578047946472951,-0.6578047946472951,124.916794,72.02768,49.815006,-298.0,1014.0,36.0,15.0,9.0,-6.0,4.0,-1382.0,527.0,157.0,119.337074,-15.589346,65.9064,57.44899,7.527668,713.0,151.0,31.0,4.0,5.0,-14.0,-24.0,-616.0,49.0,117.0,62.321476,2.6756523,84.0,39.0,45.0,0.4083721449687818,-0.4083721449687818,-53.724964,41.152225,-66.15518,3979.0,1612.0,299.0,40.0,43.0,92.0,121.0,5439.0,3066.0,456.0,-48.14524,4.0364337,-81.50174,-9.117933,-51.944622,3616.0,1824.0,310.0,37.0,39.0,85.0,128.0,5024.0,3565.0,450.0,-77.01001,-1.5447953,366.0,332.0,34.0,0.6578047946472951,-0.6578047946472951
BAL,2019,John Harbaugh,9.0,4.0,36.0,False,BAL,def,True,2019.0,199.77945,169.23875,48.25399,3350.0,3287.0,381.0,59.0,28.0,41.0,101.0,3822.0,4259.0,732.0,203.9889,-7.479098,-87.021774,-52.288506,-32.802444,3583.0,1494.0,271.0,34.0,37.0,64.0,104.0,4649.0,3152.0,529.0,-63.815075,0.26520163,531.0,282.0,249.0,3.706285315685271,-3.706285315685271,-7.004011,35.14333,-12.201318,3902.0,2526.0,377.0,40.0,39.0,67.0,114.0,5053.0,4278.0,675.0,-2.4896262,-6.2204523,-117.93421,-28.167027,-55.75666,3811.0,1416.0,293.0,37.0,44.0,93.0,127.0,4979.0,3522.0,527.0,-99.93904,1.9330338,406.0,310.0,96.0,1.7769182861752888,-1.7769182861752888,206.78346,134.09543,60.455307,-552.0,761.0,4.0,19.0,-11.0,-26.0,-13.0,-1231.0,-19.0,57.0,206.47853,-1.2586455,30.912437,-24.121479,22.954216,-228.0,78.0,-22.0,-3.0,-7.0,-29.0,-23.0,-330.0,-370.0,2.0,36.123966,-1.6678321,125.0,-28.0,153.0,1.9293670295099823,-1.9293670295099823,-7.004011,35.14333,-12.201318,3902.0,2526.0,377.0,40.0,39.0,67.0,114.0,5053.0,4278.0,675.0,-2.4896262,-6.2204523,-117.93421,-28.167027,-55.75666,3811.0,1416.0,293.0,37.0,44.0,93.0,127.0,4979.0,3522.0,527.0,-99.93904,1.9330338,406.0,310.0,96.0,1.7769182861752888,-1.7769182861752888
CIN,2019,Zac Taylor,3.5,4.0,14.0,False,LA,off,True,2019.0,-93.7112,-53.923107,-49.730595,3994.0,1517.0,311.0,33.0,48.0,75.0,119.0,5022.0,3466.0,562.0,-76.11396,-0.9228523,74.495255,112.603775,-10.50777,4121.0,2373.0,324.0,42.0,31.0,69.0,96.0,4337.0,3620.0,592.0,89.045494,-2.6884747,279.0,420.0,-141.0,-2.1002542170635032,2.1002542170635032,-11.066399,46.286327,-35.76146,3569.0,1682.0,304.0,42.0,37.0,72.0,129.0,4359.0,3275.0,492.0,-5.729674,0.33266738,89.88418,114.114006,2.3639028,4587.0,2199.0,371.0,54.0,34.0,54.0,98.0,4835.0,4207.0,680.0,99.55065,-0.5530303,368.0,455.0,-87.0,-1.7342498492864957,1.7342498492864957,-82.6448,-100.209435,-13.969135,425.0,-165.0,7.0,-9.0,11.0,3.0,-10.0,663.0,191.0,70.0,-70.384285,-1.2555196,-15.388924,-1.510231,-12.871673,-466.0,174.0,-47.0,-12.0,-3.0,15.0,-2.0,-498.0,-587.0,-88.0,-10.505157,-2.1354444,-89.0,-35.0,-54.0,-0.3660043677770075,0.3660043677770075,145.86119,135.85059,27.765865,4730.0,2231.0,394.0,56.0,33.0,43.0,86.0,4906.0,4018.0,760.0,150.65077,2.3818753,-23.273006,27.325699,-32.370617,4106.0,1957.0,316.0,48.0,41.0,66.0,109.0,4249.0,3439.0,563.0,-17.603424,-1.5925853,527.0,384.0,143.0,1.7786436215252526,-1.7786436215252526
GB,2019,Matt LaFleur,5.0,4.0,20.0,False,TEN,off,False,2019.0,28.547466,86.917755,-22.073736,4017.0,1795.0,318.0,44.0,36.0,77.0,121.0,5016.0,3369.0,511.0,43.28538,3.2568386,-44.45435,-27.393673,-5.7740765,4016.0,1921.0,306.0,34.0,41.0,67.0,75.0,4705.0,3598.0,574.0,-37.071213,-2.9603717,376.0,313.0,63.0,0.9987544415740665,-0.9987544415740665,12.088859,72.24415,-12.613703,4629.0,1667.0,329.0,40.0,53.0,72.0,95.0,5667.0,3367.0,466.0,15.9593725,7.0243697,36.006443,95.50792,-35.362774,4074.0,1918.0,326.0,48.0,44.0,72.0,110.0,4387.0,3689.0,577.0,40.760185,0.80782896,376.0,400.0,-24.0,-0.4843686823259374,0.4843686823259374,16.458607,14.673607,-9.460033,-612.0,128.0,-11.0,4.0,-17.0,5.0,26.0,-651.0,2.0,45.0,27.326008,-3.7675312,-80.46079,-122.901596,29.588697,-58.0,3.0,-20.0,-14.0,-3.0,-5.0,-35.0,318.0,-91.0,-3.0,-77.8314,-3.7682006,0.0,-87.0,87.0,1.4831231239000038,-1.4831231239000038,-27.977724,11.602528,-40.4664,3255.0,2023.0,287.0,33.0,47.0,75.0,104.0,3265.0,3025.0,507.0,-20.039656,-7.3433228,-28.158102,14.956247,-29.128563,3719.0,1863.0,298.0,33.0,39.0,71.0,98.0,4484.0,3606.0,528.0,-24.254286,-0.70985776,310.0,303.0,7.0,0.6965108277649644,-0.6965108277649644
NO,2019,Sean Payton,9.0,5.0,45.0,False,NO,off,False,2019.0,55.343117,100.94855,-23.41342,4689.0,1835.0,366.0,50.0,28.0,65.0,99.0,3992.0,3686.0,597.0,55.343117,4.258762,-74.92396,37.1535,-75.975075,4443.0,1597.0,330.0,47.0,54.0,79.0,123.0,5254.0,3971.0,622.0,-56.568897,1.0414059,478.0,367.0,111.0,1.5875208893009578,-1.5875208893009578,151.05646,162.52357,-2.8645568,4174.0,2025.0,374.0,60.0,20.0,43.0,96.0,3769.0,4068.0,737.0,170.33029,-0.92050713,-27.439138,87.70332,-66.878105,4623.0,1280.0,330.0,43.0,49.0,53.0,83.0,4889.0,3788.0,596.0,5.230467,4.2221584,504.0,353.0,151.0,2.131671919954629,-2.131671919954629,-95.71334,-61.575027,-20.548862,515.0,-190.0,-8.0,-10.0,8.0,22.0,3.0,223.0,-382.0,-140.0,-114.987175,5.179269,-47.484818,-50.549824,-9.09697,-180.0,317.0,0.0,4.0,5.0,26.0,40.0,365.0,183.0,26.0,-61.799362,-3.1807525,-26.0,14.0,-40.0,-0.544151030653671,0.544151030653671,151.05646,162.52357,-2.8645568,4174.0,2025.0,374.0,60.0,20.0,43.0,96.0,3769.0,4068.0,737.0,170.33029,-0.92050713,-27.439138,87.70332,-66.878105,4623.0,1280.0,330.0,43.0,49.0,53.0,83.0,4889.0,3788.0,596.0,5.230467,4.2221584,504.0,353.0,151.0,2.131671919954629,-2.131671919954629
BUF,2020,Sean McDermott,8.5,6.0,51.0,False,BUF,def,True,2020.0,184.57333,220.25397,-30.258883,5110.0,1819.0,411.0,59.0,29.0,45.0,108.0,5501.0,4534.0,735.0,194.1799,9.950176,33.710827,62.80342,-7.343073,4255.0,2077.0,375.0,51.0,38.0,65.0,84.0,4180.0,4437.0,764.0,48.355778,-2.7073557,528.0,399.0,129.0,1.7572301156564603,-1.7572301156564603,-57.080254,11.859093,-34.245235,3756.0,2226.0,332.0,38.0,43.0,84.0,113.0,5110.0,3428.0,493.0,-57.080254,-1.402276,-128.40727,-61.493458,-26.39859,3668.0,1790.0,307.0,30.0,51.0,89.0,108.0,4041.0,3531.0,539.0,-99.7491,-1.7577815,333.0,281.0,52.0,0.8986318980315262,-0.8986318980315262,241.6536,208.39487,3.986353,1354.0,-407.0,79.0,21.0,-14.0,-39.0,-5.0,391.0,1106.0,242.0,251.26016,11.352452,162.1181,124.296875,19.055517,587.0,287.0,68.0,21.0,-13.0,-24.0,-24.0,139.0,906.0,225.0,148.10487,-0.94957423,195.0,118.0,77.0,0.858598217624934,-0.858598217624934,-57.080254,11.859093,-34.245235,3756.0,2226.0,332.0,38.0,43.0,84.0,113.0,5110.0,3428.0,493.0,-57.080254,-1.402276,-128.40727,-61.493458,-26.39859,3668.0,1790.0,307.0,30.0,51.0,89.0,108.0,4041.0,3531.0,539.0,-99.7491,-1.7577815,333.0,281.0,52.0,0.8986318980315262,-0.8986318980315262
CLE,2020,Kevin Stefanski,3.5,5.0,17.0,False,MIN,off,False,2020.0,80.3461,125.28668,-14.334031,3964.0,2499.0,372.0,54.0,26.0,56.0,104.0,4468.0,4046.0,630.0,90.39788,-2.378293,79.62878,100.80602,-14.899104,4725.0,1825.0,383.0,57.0,38.0,53.0,87.0,5653.0,4493.0,753.0,81.71559,-0.3767634,456.0,456.0,0.0,-0.2676687505264691,0.2676687505264691,-56.137756,20.005302,-50.910168,3903.0,1925.0,306.0,41.0,41.0,65.0,120.0,4651.0,3278.0,548.0,-45.647343,0.066204794,3.452413,57.5336,-9.872646,3770.0,2279.0,337.0,45.0,38.0,61.0,108.0,4242.0,3665.0,626.0,12.776842,-1.3645099,335.0,393.0,-58.0,-0.8687051050160365,0.8687051050160365,136.48386,105.28138,36.576138,61.0,574.0,66.0,13.0,-15.0,-9.0,-16.0,-183.0,768.0,82.0,136.04523,-2.4444978,76.17636,43.272423,-5.026458,955.0,-454.0,46.0,12.0,0.0,-8.0,-21.0,1411.0,828.0,127.0,68.93875,0.98774654,121.0,63.0,58.0,0.6010363544895674,-0.6010363544895674,22.72231,99.58643,-44.535976,3971.0,2269.0,327.0,48.0,31.0,68.0,110.0,3795.0,3642.0,618.0,38.96106,-8.109092,-105.38161,-32.93081,-48.56438,4357.0,1825.0,342.0,35.0,51.0,65.0,79.0,5122.0,4011.0,633.0,-66.91869,0.4729086,433.0,323.0,110.0,1.651289721320074,-1.651289721320074
KC,2020,Andy Reid,12.0,6.0,72.0,False,KC,off,True,2020.0,188.54298,214.48018,-19.458752,5005.0,1787.0,387.0,54.0,24.0,52.0,109.0,5103.0,4283.0,644.0,206.63013,9.918762,59.34262,63.084812,4.40518,3968.0,1954.0,349.0,47.0,32.0,57.0,93.0,4480.0,4126.0,569.0,71.828316,-2.3366578,473.0,362.0,111.0,1.715791040891282,-1.715791040891282,123.912186,171.20529,-32.099728,4690.0,1569.0,347.0,48.0,25.0,49.0,108.0,4915.0,3851.0,535.0,136.07245,8.809401,-46.474525,11.363653,-12.121336,3881.0,2051.0,342.0,38.0,45.0,58.0,115.0,4600.0,3995.0,654.0,-42.3415,-2.2250566,451.0,308.0,143.0,2.1485054630728326,-2.1485054630728326,64.6308,43.274887,12.640976,315.0,218.0,40.0,6.0,-1.0,3.0,1.0,188.0,432.0,109.0,70.55768,1.1093616,105.81715,51.72116,16.526516,87.0,-97.0,7.0,9.0,-13.0,-1.0,-22.0,-120.0,131.0,-85.0,114.169815,-0.111601114,22.0,54.0,-32.0,-0.43271442218155065,0.43271442218155065,123.912186,171.20529,-32.099728,4690.0,1569.0,347.0,48.0,25.0,49.0,108.0,4915.0,3851.0,535.0,136.07245,8.809401,-46.474525,11.363653,-12.121336,3881.0,2051.0,342.0,38.0,45.0,58.0,115.0,4600.0,3995.0,654.0,-42.3415,-2.2250566,451.0,308.0,143.0,2.1485054630728326,-2.1485054630728326
NE,2020,Bill Belichick,12.0,4.0,48.0,False,NE,def,True,2020.0,11.486928,-19.695244,22.658026,3124.0,2346.0,323.0,34.0,37.0,55.0,60.0,2995.0,3568.0,514.0,30.10825,-11.036829,40.400803,67.21944,10.263222,3722.0,2103.0,338.0,43.0,24.0,52.0,84.0,4012.0,4202.0,628.0,45.090096,-1.2346185,326.0,353.0,-27.0,-0.07506436906106606,0.07506436906106606,-25.107046,42.215218,-36.596268,4362.0,1801.0,355.0,48.0,28.0,86.0,91.0,4980.0,3735.0,643.0,-7.502694,0.64927727,-242.74721,-158.67207,-54.57701,3290.0,1729.0,277.0,30.0,48.0,96.0,118.0,4973.0,3111.0,396.0,-229.8606,-1.1501794,433.0,245.0,188.0,2.901977310759081,-2.901977310759081,36.593975,-61.91046,59.254295,-1238.0,545.0,-32.0,-14.0,9.0,-31.0,-31.0,-1985.0,-167.0,-129.0,37.610943,-11.686107,283.148,225.89151,64.84023,432.0,374.0,61.0,13.0,-24.0,-44.0,-34.0,-961.0,1091.0,232.0,274.95068,-0.08443916,-107.0,108.0,-215.0,-2.977041679820147,2.977041679820147,-25.107046,42.215218,-36.596268,4362.0,1801.0,355.0,48.0,28.0,86.0,91.0,4980.0,3735.0,643.0,-7.502694,0.64927727,-242.74721,-158.67207,-54.57701,3290.0,1729.0,277.0,30.0,48.0,96.0,118.0,4973.0,3111.0,396.0,-229.8606,-1.1501794,433.0,245.0,188.0,2.901977310759081,-2.901977310759081
SEA,2020,Pete Carroll,15.0,5.0,75.0,False,SEA,def,False,2020.0,104.86438,99.524345,-8.729369,4419.0,2107.0,365.0,59.0,53.0,69.0,100.0,5226.0,3661.0,551.0,112.28293,5.788993,20.55776,97.31698,-53.498436,4995.0,1693.0,389.0,43.0,49.0,63.0,89.0,5491.0,4974.0,725.0,25.515675,2.2631314,479.0,401.0,78.0,1.0668261445023421,-1.0668261445023421,0.84123594,97.121925,-67.12288,4435.0,2264.0,355.0,54.0,49.0,78.0,121.0,5212.0,3715.0,637.0,35.150963,-1.2488191,-16.463736,48.910267,-35.200737,4584.0,2003.0,365.0,44.0,35.0,62.0,102.0,4672.0,4031.0,620.0,-1.3014457,1.9714687,422.0,407.0,15.0,0.14752384568032317,-0.14752384568032317,104.02315,2.40242,58.39351,-16.0,-157.0,10.0,5.0,4.0,-9.0,-21.0,14.0,-54.0,-86.0,77.131966,7.037812,37.021496,48.40671,-18.297699,411.0,-310.0,24.0,-1.0,14.0,1.0,-13.0,819.0,943.0,105.0,26.81712,0.2916627,57.0,-6.0,63.0,0.919302298822019,-0.919302298822019,0.84123594,97.121925,-67.12288,4435.0,2264.0,355.0,54.0,49.0,78.0,121.0,5212.0,3715.0,637.0,35.150963,-1.2488191,-16.463736,48.910267,-35.200737,4584.0,2003.0,365.0,44.0,35.0,62.0,102.0,4672.0,4031.0,620.0,-1.3014457,1.9714687,422.0,407.0,15.0,0.14752384568032317,-0.14752384568032317
SF,2020,Kyle Shanahan,10.0,6.0,60.0,True,SF,off,NA,2020.0,-14.060825,55.54534,-46.846794,4320.0,1889.0,346.0,48.0,39.0,67.0,88.0,3783.0,3707.0,589.0,-14.060825,-4.996612,4.6800556,36.02138,-51.420902,3526.0,1703.0,306.0,39.0,30.0,69.0,76.0,3988.0,3479.0,474.0,19.861597,2.2489588,376.0,390.0,-14.0,-0.10026030491011756,0.10026030491011756,45.456673,107.79922,-29.247112,4029.0,2305.0,330.0,54.0,36.0,52.0,109.0,3126.0,3338.0,604.0,47.722725,-5.128499,-153.39275,-76.8585,-63.534866,3074.0,1802.0,283.0,39.0,48.0,75.0,112.0,3471.0,3433.0,516.0,-134.7759,-2.5198293,479.0,310.0,169.0,2.5157459468362506,-2.5157459468362506,-59.517498,-52.253876,-17.599682,291.0,-416.0,16.0,-6.0,3.0,15.0,-21.0,657.0,369.0,-15.0,-61.78355,0.13188696,158.0728,112.87988,12.113964,452.0,-99.0,23.0,0.0,-18.0,-6.0,-36.0,517.0,46.0,-42.0,154.6375,4.7687883,-103.0,80.0,-183.0,-2.6160062517463682,2.6160062517463682,45.456673,107.79922,-29.247112,4029.0,2305.0,330.0,54.0,36.0,52.0,109.0,3126.0,3338.0,604.0,47.722725,-5.128499,-153.39275,-76.8585,-63.534866,3074.0,1802.0,283.0,39.0,48.0,75.0,112.0,3471.0,3433.0,516.0,-134.7759,-2.5198293,479.0,310.0,169.0,2.5157459468362506,-2.5157459468362506
WAS,2020,Ron Rivera,7.0,5.0,35.0,False,CAR,def,False,2020.0,-64.18748,-42.772385,-15.498448,4102.0,1697.0,341.0,38.0,52.0,78.0,87.0,4096.0,3822.0,559.0,-52.24413,1.3121123,-48.867134,-18.42764,-49.71437,3774.0,1947.0,310.0,42.0,50.0,76.0,90.0,4711.0,3393.0,537.0,-48.867134,1.084036,358.0,360.0,-2.0,0.22056666389866753,-0.22056666389866753,-130.6542,-66.1685,-57.682392,3205.0,1583.0,247.0,31.0,50.0,79.0,93.0,3639.0,2609.0,439.0,-120.43314,-3.974866,66.00038,120.44934,-27.390547,4093.0,2339.0,348.0,49.0,46.0,58.0,106.0,4031.0,4149.0,703.0,71.90498,-1.4562653,266.0,435.0,-169.0,-2.5261647094746307,2.5261647094746307,66.46673,23.396118,42.183945,897.0,114.0,94.0,7.0,2.0,-1.0,-6.0,457.0,1213.0,120.0,68.18901,5.2869782,-114.867516,-138.87698,-22.323824,-319.0,-392.0,-38.0,-7.0,4.0,18.0,-16.0,680.0,-756.0,-166.0,-120.77212,2.5403013,92.0,-75.0,167.0,2.746731373373298,-2.746731373373298,-118.092926,-53.85793,-37.60019,4134.0,1819.0,335.0,41.0,58.0,75.0,85.0,5299.0,3473.0,537.0,-112.502396,1.7136493,45.72715,33.690094,28.31325,3997.0,2296.0,350.0,53.0,53.0,68.0,111.0,4946.0,3728.0,647.0,45.72715,0.9229731,340.0,470.0,-130.0,-2.032052988838553,2.032052988838553
DET,2021,Dan Campbell,4.0,6.0,24.0,True,NO,off,NA,2021.0,-85.23939,-10.429035,-52.432953,3884.0,1886.0,324.0,37.0,36.0,65.0,111.0,3783.0,3548.0,521.0,-76.10437,-5.1214437,84.71394,123.44624,-13.39983,4361.0,2296.0,371.0,50.0,30.0,47.0,81.0,4598.0,4340.0,699.0,99.06922,-2.0347822,325.0,467.0,-142.0,-2.3849299262652393,2.3849299262652393,-10.308682,70.1965,-55.103973,4397.0,1499.0,346.0,47.0,42.0,59.0,94.0,4981.0,3698.0,573.0,-10.308682,-0.2955869,163.43338,212.29964,15.460143,4753.0,2158.0,410.0,66.0,24.0,50.0,104.0,4616.0,4775.0,754.0,167.79634,-0.19595857,377.0,519.0,-142.0,-2.4979992329733225,2.4979992329733225,-74.9307,-80.625534,2.6710205,-513.0,387.0,-22.0,-10.0,-6.0,6.0,17.0,-1198.0,-150.0,-52.0,-65.795685,-4.8258567,-78.71944,-88.85339,-28.859974,-392.0,138.0,-39.0,-16.0,6.0,-3.0,-23.0,-18.0,-435.0,-55.0,-68.72712,-1.8388236,-52.0,-52.0,0.0,0.11306930670808324,-0.11306930670808324,81.883835,91.70669,9.604905,4210.0,2388.0,391.0,61.0,30.0,65.0,74.0,3440.0,4036.0,725.0,88.221794,-2.9890664,-90.45525,4.4554114,-60.69834,3958.0,1538.0,324.0,41.0,46.0,73.0,101.0,5251.0,3643.0,570.0,-90.45525,-0.16550191,503.0,346.0,157.0,2.4146480416539995,-2.4146480416539995
HOU,2021,David Culley,5.5,5.0,22.0,False,BAL,off,False,2021.0,-154.2294,-54.921837,-85.00585,3630.0,1422.0,263.0,30.0,44.0,88.0,108.0,3997.0,2869.0,381.0,-140.39372,-2.831012,48.819485,101.96426,-14.1200285,4342.0,2418.0,378.0,54.0,32.0,57.0,95.0,4600.0,4304.0,708.0,54.133053,-4.0861692,280.0,452.0,-172.0,-2.6720390214641894,2.6720390214641894,61.91282,142.27892,-54.343193,4843.0,1466.0,322.0,44.0,50.0,55.0,80.0,4867.0,3320.0,533.0,78.09913,5.5483756,151.79791,157.15111,27.113638,4325.0,2564.0,385.0,55.0,34.0,51.0,76.0,4026.0,4629.0,760.0,151.79791,-2.3164556,384.0,464.0,-80.0,-1.3767363719100456,1.3767363719100456,-216.14221,-197.20074,-30.662659,-1213.0,-44.0,-59.0,-14.0,-6.0,33.0,28.0,-870.0,-451.0,-152.0,-218.49286,-8.379388,-102.978424,-55.18685,-41.233665,17.0,-146.0,-7.0,-1.0,-2.0,6.0,19.0,574.0,-325.0,-52.0,-97.664856,-1.7697136,-104.0,-12.0,-92.0,-1.2953026495541438,1.2953026495541438,126.9681,70.57062,51.411186,3098.0,3306.0,346.0,56.0,37.0,55.0,89.0,3756.0,3575.0,634.0,126.9681,-9.895087,-82.08852,18.23067,-49.1797,3973.0,1791.0,353.0,39.0,40.0,66.0,99.0,4682.0,4227.0,574.0,-56.237488,0.87086916,488.0,316.0,172.0,2.7754560168313223,-2.7754560168313223
NYJ,2021,Robert Saleh,5.0,5.0,25.0,False,SF,def,False,2021.0,-99.861984,-47.32613,-30.18902,3959.0,1667.0,310.0,35.0,53.0,71.0,90.0,4349.0,3262.0,555.0,-90.44763,0.7423567,138.02335,175.62633,-13.150953,4682.0,2347.0,394.0,58.0,33.0,59.0,97.0,4717.0,4499.0,810.0,143.06949,-1.1242135,310.0,504.0,-194.0,-3.321344473908119,3.321344473908119,-164.9777,-59.161526,-54.28764,3115.0,1683.0,268.0,28.0,43.0,82.0,88.0,4246.0,2843.0,401.0,-156.08188,-3.3569226,81.19463,168.84955,-52.16377,4595.0,1792.0,376.0,51.0,31.0,54.0,112.0,4563.0,4239.0,713.0,92.589935,1.9317154,243.0,457.0,-214.0,-3.1250106362599857,3.1250106362599857,65.11572,11.835396,24.09862,844.0,-16.0,42.0,7.0,10.0,-11.0,2.0,103.0,419.0,154.0,65.63425,4.0992794,56.828712,6.776779,39.012817,87.0,555.0,18.0,7.0,2.0,5.0,-15.0,154.0,260.0,97.0,50.479553,-3.0559287,67.0,47.0,20.0,-0.19633383764813317,0.19633383764813317,-14.060825,55.54534,-46.846794,4320.0,1889.0,346.0,48.0,39.0,67.0,88.0,3783.0,3707.0,589.0,-14.060825,-4.996612,4.6800556,36.02138,-51.420902,3526.0,1703.0,306.0,39.0,30.0,69.0,76.0,3988.0,3479.0,474.0,19.861597,2.2489588,376.0,390.0,-14.0,-0.10026030491011756,0.10026030491011756
PHI,2021,Nick Sirianni,6.0,5.0,30.0,True,IND,off,NA,2021.0,54.7757,57.361618,14.457814,3585.0,2715.0,349.0,46.0,31.0,55.0,90.0,4230.0,3820.0,660.0,61.440544,-5.6432667,-15.116908,40.725224,-32.962482,3976.0,1834.0,352.0,51.0,29.0,63.0,109.0,3738.0,4478.0,730.0,-5.9818897,-0.77124107,444.0,385.0,59.0,0.8097085961744623,-0.8097085961744623,-89.98164,-28.733782,-33.49797,3728.0,2027.0,331.0,40.0,65.0,74.0,113.0,5357.0,3566.0,495.0,-89.98164,0.6076498,16.454575,52.119682,-25.592266,4122.0,2010.0,335.0,50.0,49.0,71.0,106.0,4056.0,3807.0,559.0,23.757334,-0.82535756,334.0,418.0,-84.0,-1.183326533954991,1.183326533954991,144.75734,86.0954,47.955784,-143.0,688.0,18.0,6.0,-34.0,-19.0,-23.0,-1127.0,254.0,165.0,151.42218,-6.2509165,-31.571484,-11.394459,-7.3702164,-146.0,-176.0,17.0,1.0,-20.0,-8.0,3.0,-318.0,671.0,171.0,-29.739223,0.054116488,110.0,-33.0,143.0,1.9930351301294533,-1.9930351301294533,78.843376,124.6044,-19.714521,4495.0,2159.0,387.0,50.0,21.0,51.0,95.0,4318.0,4245.0,740.0,89.462395,-3.836298,-35.986275,43.18019,-38.054836,4451.0,1544.0,347.0,49.0,42.0,68.0,89.0,4818.0,3935.0,622.0,-20.532497,1.5572424,475.0,389.0,86.0,1.237803338818963,-1.237803338818963
PIT,2021,Mike Tomlin,12.5,3.0,37.5,True,PIT,def,NA,2021.0,-86.294495,-28.667042,-31.16744,4017.0,1583.0,318.0,34.0,38.0,77.0,120.0,4439.0,3554.0,590.0,-75.12061,-0.34364903,-33.777855,15.22191,-10.157911,3977.0,2483.0,350.0,43.0,55.0,78.0,109.0,4542.0,4197.0,702.0,-21.479755,-3.7490952,343.0,398.0,-55.0,-0.7688157240608442,0.7688157240608442,7.9535236,88.88645,-53.882187,4630.0,1403.0,354.0,54.0,14.0,80.0,107.0,5222.0,3748.0,578.0,18.07909,7.6712966,-97.15082,-57.537575,-35.320038,3757.0,1910.0,298.0,43.0,56.0,86.0,84.0,5076.0,3330.0,547.0,-83.48942,-2.9133258,453.0,360.0,93.0,1.4866318655690307,-1.4866318655690307,-94.24802,-117.5535,22.714746,-613.0,180.0,-36.0,-20.0,24.0,-3.0,13.0,-783.0,-194.0,12.0,-93.19971,-8.014946,63.372963,72.75948,25.162127,220.0,573.0,52.0,0.0,-1.0,-8.0,25.0,-534.0,867.0,155.0,62.009663,-0.8357694,-110.0,38.0,-148.0,-2.255447589629875,2.255447589629875,7.9535236,88.88645,-53.882187,4630.0,1403.0,354.0,54.0,14.0,80.0,107.0,5222.0,3748.0,578.0,18.07909,7.6712966,-97.15082,-57.537575,-35.320038,3757.0,1910.0,298.0,43.0,56.0,86.0,84.0,5076.0,3330.0,547.0,-83.48942,-2.9133258,453.0,360.0,93.0,1.4866318655690307,-1.4866318655690307
TB,2021,Bruce Arians,8.0,3.0,24.0,False,TB,off,False,2021.0,109.18138,155.58852,8.900227,5383.0,1672.0,402.0,63.0,23.0,62.0,82.0,5894.0,4187.0,720.0,117.35385,8.482911,-78.92711,-31.703547,-37.50929,4347.0,1573.0,342.0,39.0,47.0,70.0,93.0,4650.0,4154.0,717.0,-59.314373,7.7216325,511.0,353.0,158.0,2.3247692577033208,-2.3247692577033208,123.2773,183.90532,-13.958709,5157.0,1661.0,385.0,64.0,25.0,58.0,93.0,6101.0,3744.0,625.0,135.03386,6.5645223,-51.847233,33.57239,-72.00661,4617.0,1375.0,340.0,43.0,50.0,71.0,90.0,4769.0,3968.0,646.0,-37.52627,5.509833,523.0,378.0,145.0,2.083094209956239,-2.083094209956239,-14.095917,-28.316803,22.858936,226.0,11.0,17.0,-1.0,-2.0,4.0,-11.0,-207.0,443.0,95.0,-17.680008,1.9183888,-27.079876,-65.27594,34.49732,-270.0,198.0,2.0,-4.0,-3.0,-1.0,3.0,-119.0,186.0,71.0,-21.788101,2.2117996,-12.0,-25.0,13.0,0.2416750477470817,-0.2416750477470817,123.2773,183.90532,-13.958709,5157.0,1661.0,385.0,64.0,25.0,58.0,93.0,6101.0,3744.0,625.0,135.03386,6.5645223,-51.847233,33.57239,-72.00661,4617.0,1375.0,340.0,43.0,50.0,71.0,90.0,4769.0,3968.0,646.0,-37.52627,5.509833,523.0,378.0,145.0,2.083094209956239,-2.083094209956239
ARI,2022,Kliff Kingsbury,7.5,5.0,37.5,False,ARI,off,False,2022.0,-133.25948,-63.047913,-31.232975,3966.0,1873.0,326.0,34.0,46.0,68.0,111.0,4604.0,3847.0,542.0,-125.38894,-1.2347614,-2.074956,37.6428,-23.83623,4181.0,2016.0,360.0,55.0,36.0,71.0,100.0,3416.0,4256.0,767.0,10.444541,1.9518294,340.0,449.0,-109.0,-2.271265031915719,2.271265031915719,41.38028,104.77784,-16.724361,4619.0,2076.0,366.0,52.0,39.0,52.0,105.0,4425.0,4173.0,727.0,45.836555,0.6250085,-68.11648,-10.638023,-53.3434,3872.0,1949.0,329.0,42.0,41.0,58.0,108.0,4029.0,3918.0,588.0,-58.129223,-2.8529172,449.0,366.0,83.0,1.255293051088739,-1.255293051088739,-174.63976,-167.82574,-14.508614,-653.0,-203.0,-40.0,-18.0,7.0,16.0,6.0,179.0,-326.0,-185.0,-171.2255,-1.8597698,66.04152,48.280823,29.50717,309.0,67.0,31.0,13.0,-5.0,13.0,-8.0,-613.0,338.0,179.0,68.57376,4.8047466,-109.0,83.0,-192.0,-3.526558083004458,3.526558083004458,41.38028,104.77784,-16.724361,4619.0,2076.0,366.0,52.0,39.0,52.0,105.0,4425.0,4173.0,727.0,45.836555,0.6250085,-68.11648,-10.638023,-53.3434,3872.0,1949.0,329.0,42.0,41.0,58.0,108.0,4029.0,3918.0,588.0,-58.129223,-2.8529172,449.0,366.0,83.0,1.255293051088739,-1.255293051088739
BAL,2022,John Harbaugh,12.0,3.0,36.0,True,BAL,def,NA,2022.0,15.185039,-11.056448,17.363163,3202.0,2720.0,336.0,35.0,38.0,57.0,78.0,4014.0,3636.0,597.0,30.838083,-4.3457923,-40.77065,38.24112,-41.05879,4252.0,1566.0,321.0,31.0,48.0,68.0,83.0,4155.0,3876.0,694.0,-22.185883,-1.0105578,350.0,315.0,35.0,0.9208082187510684,-0.9208082187510684,7.9233584,29.179922,-21.363346,4267.0,2479.0,391.0,43.0,57.0,71.0,96.0,5232.0,4205.0,643.0,15.072393,-1.2160846,21.720514,125.27127,-44.45386,4986.0,1436.0,340.0,46.0,34.0,83.0,104.0,5099.0,3817.0,606.0,21.720514,4.126685,387.0,392.0,-5.0,-0.07440338664081049,0.07440338664081049,7.26168,-40.23637,38.72651,-1065.0,241.0,-55.0,-8.0,-19.0,-14.0,-18.0,-1218.0,-569.0,-46.0,15.76569,-3.1297078,-62.491165,-87.03015,3.395073,-734.0,130.0,-19.0,-15.0,14.0,-15.0,-21.0,-944.0,59.0,88.0,-43.906395,-5.137243,-37.0,-77.0,40.0,0.9952116053918789,-0.9952116053918789,7.9233584,29.179922,-21.363346,4267.0,2479.0,391.0,43.0,57.0,71.0,96.0,5232.0,4205.0,643.0,15.072393,-1.2160846,21.720514,125.27127,-44.45386,4986.0,1436.0,340.0,46.0,34.0,83.0,104.0,5099.0,3817.0,606.0,21.720514,4.126685,387.0,392.0,-5.0,-0.07440338664081049,0.07440338664081049
CHI,2022,Matt Eberflus,4.5,5.0,22.5,False,IND,def,False,2022.0,-57.096725,-39.744736,-2.1184168,2598.0,3014.0,276.0,40.0,58.0,67.0,84.0,3426.0,2861.0,487.0,-40.574654,-13.559118,98.96568,122.3343,11.256998,3840.0,2674.0,359.0,54.0,20.0,51.0,80.0,3736.0,3977.0,681.0,109.52772,-5.712899,326.0,463.0,-137.0,-2.8161491064141955,2.8161491064141955,-119.05832,-50.86243,-43.3075,3635.0,2015.0,329.0,33.0,58.0,62.0,99.0,4495.0,3696.0,545.0,-119.05832,-1.5858035,-6.0637546,42.875843,-10.698787,3623.0,2127.0,315.0,47.0,49.0,63.0,100.0,3805.0,3500.0,573.0,0.043325424,-4.222549,311.0,407.0,-96.0,-1.3666486952394936,1.3666486952394936,61.961594,11.117695,41.189083,-1037.0,999.0,-53.0,7.0,0.0,5.0,-15.0,-1069.0,-835.0,-58.0,78.483665,-11.973314,105.029434,79.45845,21.955784,217.0,547.0,44.0,7.0,-29.0,-12.0,-20.0,-69.0,477.0,108.0,109.48439,-1.4903502,15.0,56.0,-41.0,-1.4495004111747019,1.4495004111747019,54.415085,34.565723,29.861732,3588.0,2540.0,351.0,50.0,32.0,59.0,100.0,4000.0,3703.0,675.0,60.418022,-3.639699,-43.4078,45.625576,-42.848698,4203.0,1854.0,331.0,45.0,33.0,62.0,84.0,4543.0,3857.0,626.0,-27.371151,-1.1068299,451.0,365.0,86.0,1.301415023411466,-1.301415023411466
CIN,2022,Zac Taylor,4.5,5.0,22.5,True,CIN,off,NA,2022.0,55.325264,111.62306,-23.73674,4520.0,1528.0,353.0,51.0,44.0,59.0,94.0,4173.0,3929.0,652.0,62.20357,8.489493,-60.73493,-15.69774,-29.424582,3828.0,1706.0,293.0,31.0,30.0,63.0,87.0,4851.0,3426.0,610.0,-45.96902,-4.1351113,418.0,322.0,96.0,1.8721035291455852,-1.8721035291455852,38.21115,106.25929,-40.994877,4806.0,1742.0,335.0,55.0,55.0,66.0,91.0,4397.0,3499.0,547.0,49.362164,0.30109712,-50.735893,17.418125,-30.563324,4498.0,1742.0,337.0,43.0,42.0,74.0,97.0,4886.0,3872.0,604.0,-35.80613,1.499699,460.0,376.0,84.0,1.198701315611276,-1.198701315611276,17.114113,5.3637695,17.258137,-286.0,-214.0,18.0,-4.0,-11.0,-7.0,3.0,-224.0,430.0,105.0,12.841408,8.188396,-9.999035,-33.115864,1.1387424,-670.0,-36.0,-44.0,-12.0,-12.0,-11.0,-10.0,-35.0,-446.0,6.0,-10.162891,-5.6348104,-42.0,-54.0,12.0,0.6734022135343092,-0.6734022135343092,38.21115,106.25929,-40.994877,4806.0,1742.0,335.0,55.0,55.0,66.0,91.0,4397.0,3499.0,547.0,49.362164,0.30109712,-50.735893,17.418125,-30.563324,4498.0,1742.0,337.0,43.0,42.0,74.0,97.0,4886.0,3872.0,604.0,-35.80613,1.499699,460.0,376.0,84.0,1.198701315611276,-1.198701315611276
DEN,2022,Nathaniel Hackett,4.5,4.0,18.0,False,GB,off,False,2022.0,-115.805176,-36.10149,-50.758976,4007.0,1935.0,300.0,32.0,63.0,96.0,104.0,4998.0,3109.0,379.0,-115.805176,-1.6382664,-25.499598,-22.650736,-25.730928,3819.0,1866.0,321.0,32.0,36.0,85.0,115.0,4122.0,3783.0,538.0,-10.792034,0.9150811,287.0,359.0,-72.0,-1.1016980482186556,1.1016980482186556,14.03892,62.186848,-40.66422,3856.0,2025.0,325.0,39.0,40.0,67.0,100.0,4552.0,3633.0,602.0,19.128222,-4.548861,1.525866,29.356373,-23.795246,3901.0,1892.0,309.0,34.0,36.0,60.0,87.0,4617.0,3744.0,530.0,1.525866,0.4157429,335.0,322.0,13.0,0.6480516550480501,-0.6480516550480501,-129.8441,-98.28834,-10.094757,151.0,-90.0,-25.0,-7.0,23.0,29.0,4.0,446.0,-524.0,-223.0,-134.9334,2.9105945,-27.025463,-52.00711,-1.9356823,-82.0,-26.0,12.0,-2.0,0.0,25.0,28.0,-495.0,39.0,8.0,-12.3179,0.49933818,-48.0,37.0,-85.0,-1.7497497032667058,1.7497497032667058,122.206764,148.1422,-0.24138784,4526.0,1900.0,373.0,53.0,33.0,53.0,80.0,4578.0,4206.0,757.0,124.97886,4.179609,18.834047,23.23712,-0.21962096,4021.0,1851.0,336.0,46.0,39.0,57.0,77.0,5086.0,4058.0,608.0,18.834047,1.4241655,450.0,371.0,79.0,1.1682608625476163,-1.1682608625476163
JAX,2022,Doug Pederson,7.5,5.0,37.5,False,PHI,off,False,2022.0,40.27223,92.76844,-41.728455,4148.0,2116.0,348.0,41.0,28.0,58.0,89.0,4352.0,3915.0,627.0,40.56966,0.49244007,-30.18161,28.927982,-49.915737,4258.0,1949.0,348.0,43.0,35.0,60.0,91.0,4721.0,4181.0,605.0,-19.818447,-0.8982062,404.0,350.0,54.0,1.0107663517088006,-1.0107663517088006,-125.89847,-43.51773,-42.242023,3674.0,1755.0,301.0,30.0,32.0,72.0,111.0,4765.0,3354.0,441.0,-114.77092,-1.7917334,118.7175,143.88449,-23.07324,4111.0,2127.0,345.0,50.0,32.0,64.0,97.0,4041.0,4037.0,693.0,118.7175,0.4092897,253.0,457.0,-204.0,-3.124541650553525,3.124541650553525,166.1707,136.28616,0.5135689,474.0,361.0,47.0,11.0,-4.0,-14.0,-22.0,-413.0,561.0,186.0,155.34058,2.2841735,-148.89911,-114.95651,-26.842497,147.0,-178.0,3.0,-7.0,3.0,-4.0,-6.0,680.0,144.0,-88.0,-138.53595,-1.3074958,151.0,-107.0,258.0,4.135308002262326,-4.135308002262326,54.7757,57.361618,14.457814,3585.0,2715.0,349.0,46.0,31.0,55.0,90.0,4230.0,3820.0,660.0,61.440544,-5.6432667,-15.116908,40.725224,-32.962482,3976.0,1834.0,352.0,51.0,29.0,63.0,109.0,3738.0,4478.0,730.0,-5.9818897,-0.77124107,444.0,385.0,59.0,0.8097085961744623,-0.8097085961744623
LA,2022,Sean McVay,14.0,5.0,70.0,True,LA,off,NA,2022.0,-99.37011,-59.033134,-24.80209,3506.0,1661.0,290.0,35.0,59.0,73.0,79.0,3712.0,3285.0,516.0,-94.25912,-2.9746766,-3.4384181,60.337227,-43.376583,4092.0,1956.0,330.0,36.0,38.0,59.0,79.0,3673.0,4006.0,674.0,-3.4384181,-1.7043715,307.0,384.0,-77.0,-1.3404629155225387,1.3404629155225387,69.32155,124.52503,-35.39418,4893.0,1683.0,353.0,56.0,31.0,51.0,72.0,5134.0,3821.0,740.0,69.32155,3.155433,-41.403202,21.831009,-47.858788,4476.0,1754.0,346.0,36.0,50.0,62.0,91.0,4788.0,4279.0,686.0,-41.429684,-1.3657737,460.0,372.0,88.0,1.278769079031266,-1.278769079031266,-168.69165,-183.55817,10.592091,-1387.0,-22.0,-63.0,-21.0,28.0,22.0,7.0,-1422.0,-536.0,-224.0,-163.58066,-6.13011,37.964783,38.506218,4.4822044,-384.0,202.0,-16.0,0.0,-12.0,-3.0,-12.0,-1115.0,-273.0,-12.0,37.991264,-0.33859777,-153.0,12.0,-165.0,-2.6192319945538047,2.6192319945538047,69.32155,124.52503,-35.39418,4893.0,1683.0,353.0,56.0,31.0,51.0,72.0,5134.0,3821.0,740.0,69.32155,3.155433,-41.403202,21.831009,-47.858788,4476.0,1754.0,346.0,36.0,50.0,62.0,91.0,4788.0,4279.0,686.0,-41.429684,-1.3657737,460.0,372.0,88.0,1.278769079031266,-1.278769079031266
LV,2022,Josh McDaniels,10.0,4.0,40.0,False,NE,off,False,2022.0,-1.5431898,36.122475,-30.272902,4182.0,2057.0,340.0,43.0,35.0,59.0,115.0,5359.0,3773.0,564.0,12.133714,-3.3318088,21.91514,100.46189,-25.274807,4321.0,2107.0,358.0,48.0,27.0,56.0,91.0,4135.0,4336.0,615.0,33.281803,-0.56456727,395.0,418.0,-23.0,-0.6731400585659487,0.6731400585659487,-17.317776,61.175697,-65.09823,4808.0,1617.0,343.0,40.0,40.0,64.0,118.0,5115.0,3683.0,656.0,-2.6600537,1.9224373,58.409702,123.3916,-50.062466,3996.0,1943.0,347.0,48.0,35.0,68.0,105.0,5111.0,4300.0,571.0,58.409702,-3.036697,374.0,439.0,-65.0,-1.184882311365936,1.184882311365936,15.774586,-25.053223,34.825325,-626.0,440.0,-3.0,3.0,-5.0,-5.0,-3.0,244.0,90.0,-92.0,14.793768,-5.254246,-36.49456,-22.92971,24.787659,325.0,164.0,11.0,0.0,-8.0,-12.0,-14.0,-976.0,36.0,44.0,-25.1279,2.4721296,21.0,-21.0,42.0,0.5117422527999872,-0.5117422527999872,59.890915,83.31968,-5.3769445,4098.0,2151.0,357.0,53.0,28.0,52.0,99.0,4288.0,3823.0,660.0,81.04741,-4.8638873,-121.03913,-34.087955,-35.634937,3437.0,2103.0,307.0,33.0,36.0,55.0,96.0,4308.0,3781.0,624.0,-118.36774,-2.3396504,462.0,303.0,159.0,2.686043029493825,-2.686043029493825
MIA,2022,Mike McDaniel,3.5,4.0,14.0,True,SF,off,NA,2022.0,25.525255,72.3258,-18.29794,4765.0,1686.0,337.0,45.0,35.0,61.0,95.0,5320.0,3341.0,511.0,36.809296,2.440609,16.441647,66.62332,-41.382877,4282.0,1751.0,332.0,46.0,40.0,67.0,100.0,4830.0,4234.0,738.0,25.703478,3.4542742,397.0,399.0,-2.0,-0.21103499435536327,0.21103499435536327,-85.18418,21.708979,-73.01695,3936.0,1568.0,323.0,34.0,40.0,78.0,108.0,4471.0,3696.0,563.0,-82.06321,2.7582018,-47.283745,-10.908869,-19.30622,4251.0,1867.0,332.0,45.0,48.0,75.0,106.0,4826.0,3803.0,652.0,-19.907743,0.8922489,341.0,373.0,-32.0,-0.29449723415363555,0.29449723415363555,110.709435,50.61682,54.719013,829.0,118.0,14.0,11.0,-5.0,-17.0,-13.0,849.0,-355.0,-52.0,118.872505,-0.31759286,63.72539,77.53219,-22.076658,31.0,-116.0,0.0,1.0,-8.0,-8.0,-6.0,4.0,431.0,86.0,45.61122,2.5620253,56.0,26.0,30.0,0.08346223979827228,-0.08346223979827228,63.209244,103.372,-10.655841,4437.0,2162.0,354.0,48.0,33.0,59.0,95.0,4003.0,3778.0,549.0,78.42163,-6.639132,-10.6383095,65.47114,-59.928947,3874.0,1760.0,316.0,45.0,48.0,70.0,100.0,4267.0,3696.0,678.0,5.083162,-0.69896066,427.0,365.0,62.0,0.9881546457987123,-0.9881546457987123
MIN,2022,Kevin O'Connell,5.0,4.0,20.0,False,LA,off,True,2022.0,-22.91513,56.31067,-49.763905,4818.0,1661.0,376.0,52.0,47.0,74.0,112.0,5015.0,4101.0,690.0,-22.686554,3.0016656,2.7800188,37.25085,-32.78882,4756.0,2093.0,358.0,43.0,38.0,60.0,87.0,4877.0,3811.0,541.0,20.11762,0.8929419,424.0,427.0,-3.0,-0.4033957550802286,0.4033957550802286,-7.31723,66.53017,-50.683933,4450.0,1930.0,331.0,48.0,30.0,79.0,101.0,4842.0,3434.0,548.0,-1.6304836,-2.1587284,-17.897692,3.1423593,-3.3760638,4678.0,2222.0,386.0,46.0,51.0,64.0,103.0,5033.0,4494.0,710.0,-12.303813,-1.4267192,425.0,426.0,-1.0,-0.25898377782386633,0.25898377782386633,-15.5979,-10.219498,0.9200287,368.0,-269.0,45.0,4.0,17.0,-5.0,11.0,173.0,667.0,142.0,-21.05607,5.1603937,20.677711,34.10849,-29.412754,78.0,-129.0,-28.0,-3.0,-13.0,-4.0,-16.0,-156.0,-683.0,-169.0,32.421432,2.3196611,-1.0,1.0,-2.0,-0.1444119772563623,0.1444119772563623,69.32155,124.52503,-35.39418,4893.0,1683.0,353.0,56.0,31.0,51.0,72.0,5134.0,3821.0,740.0,69.32155,3.155433,-41.403202,21.831009,-47.858788,4476.0,1754.0,346.0,36.0,50.0,62.0,91.0,4788.0,4279.0,686.0,-41.429684,-1.3657737,460.0,372.0,88.0,1.278769079031266,-1.278769079031266
NYG,2022,Brian Daboll,5.0,5.0,20.0,True,BUF,off,NA,2022.0,33.833344,39.94269,-2.6640959,3431.0,2519.0,348.0,38.0,49.0,75.0,110.0,3334.0,3797.0,519.0,50.329487,-4.8239822,53.110714,32.27193,20.366903,3909.0,2451.0,363.0,39.0,41.0,67.0,107.0,4788.0,4237.0,684.0,61.27342,-2.1101806,365.0,371.0,-6.0,-0.1002567234734149,0.1002567234734149,-171.39307,-102.49621,-47.32616,3463.0,1688.0,296.0,26.0,38.0,74.0,106.0,4363.0,3192.0,442.0,-168.35101,-0.7668431,3.0329227,31.939116,-0.355026,4044.0,2193.0,362.0,43.0,34.0,67.0,89.0,4464.0,4376.0,795.0,12.534721,0.3762312,258.0,416.0,-158.0,-2.2385844968293025,2.2385844968293025,205.22641,142.4389,44.662064,-32.0,831.0,52.0,12.0,11.0,1.0,4.0,-1029.0,605.0,77.0,218.6805,-4.0571394,50.07779,0.33281517,20.72193,-135.0,258.0,1.0,-4.0,7.0,0.0,18.0,324.0,-139.0,-111.0,48.738697,-2.4864118,107.0,-45.0,152.0,2.1383277733558876,-2.1383277733558876,75.89694,126.14847,-18.908451,4450.0,2205.0,394.0,57.0,27.0,53.0,97.0,5355.0,4275.0,784.0,80.47763,4.9672008,-151.9303,-73.728905,-43.258743,3047.0,1866.0,281.0,32.0,42.0,75.0,118.0,3775.0,3452.0,574.0,-135.64313,-3.4847407,483.0,289.0,194.0,3.2403830318749502,-3.2403830318749502
TB,2022,Todd Bowels,3.0,5.0,15.0,True,TB,def,NA,2022.0,-83.1218,41.007595,-79.3333,4746.0,1308.0,346.0,31.0,22.0,79.0,101.0,5162.0,3908.0,604.0,-64.21174,4.2435036,-26.043526,8.91428,-37.201767,3792.0,2052.0,312.0,42.0,45.0,88.0,95.0,4628.0,3428.0,507.0,-17.491623,-1.0102122,313.0,358.0,-45.0,-0.6548653079684652,0.6548653079684652,109.18138,155.58852,8.900227,5383.0,1672.0,402.0,63.0,23.0,62.0,82.0,5894.0,4187.0,720.0,117.35385,8.482911,-78.92711,-31.703547,-37.50929,4347.0,1573.0,342.0,39.0,47.0,70.0,93.0,4650.0,4154.0,717.0,-59.314373,7.7216325,511.0,353.0,158.0,2.3247692577033208,-2.3247692577033208,-192.30319,-114.58092,-88.23352,-637.0,-364.0,-56.0,-32.0,-1.0,17.0,19.0,-732.0,-279.0,-116.0,-181.56558,-4.2394075,52.883583,40.61783,0.30752182,-555.0,479.0,-30.0,3.0,-2.0,18.0,2.0,-22.0,-726.0,-210.0,41.82275,-8.731845,-198.0,5.0,-203.0,-2.9796345656717858,2.9796345656717858,109.18138,155.58852,8.900227,5383.0,1672.0,402.0,63.0,23.0,62.0,82.0,5894.0,4187.0,720.0,117.35385,8.482911,-78.92711,-31.703547,-37.50929,4347.0,1573.0,342.0,39.0,47.0,70.0,93.0,4650.0,4154.0,717.0,-59.314373,7.7216325,511.0,353.0,158.0,2.3247692577033208,-2.3247692577033208
TEN,2022,Mike Vrabel,9.5,5.0,47.5,False,TEN,def,False,2022.0,-86.99861,-18.033485,-47.958866,3227.0,2131.0,273.0,35.0,49.0,90.0,111.0,3567.0,2784.0,424.0,-82.3204,-10.152675,-13.208636,88.33959,-72.3912,4935.0,1307.0,337.0,40.0,39.0,84.0,115.0,5194.0,4065.0,609.0,-9.498495,4.0833955,298.0,359.0,-61.0,-0.9222165705642382,0.9222165705642382,2.4241865,59.297253,-27.989288,3745.0,2404.0,359.0,46.0,47.0,58.0,105.0,4005.0,4024.0,651.0,15.94758,-7.7144938,-62.35033,8.588079,-28.034588,4485.0,1438.0,327.0,41.0,43.0,67.0,116.0,4944.0,3847.0,639.0,-52.381645,2.909541,419.0,354.0,65.0,1.1039208693327671,-1.1039208693327671,-89.4228,-77.330734,-19.969578,-518.0,-273.0,-86.0,-11.0,2.0,32.0,6.0,-438.0,-1240.0,-227.0,-98.267975,-2.438181,49.141693,79.75151,-44.35661,450.0,-131.0,10.0,-1.0,-4.0,17.0,-1.0,250.0,218.0,-30.0,42.88315,1.1738546,-121.0,5.0,-126.0,-2.0261374398970053,2.0261374398970053,2.4241865,59.297253,-27.989288,3745.0,2404.0,359.0,46.0,47.0,58.0,105.0,4005.0,4024.0,651.0,15.94758,-7.7144938,-62.35033,8.588079,-28.034588,4485.0,1438.0,327.0,41.0,43.0,67.0,116.0,4944.0,3847.0,639.0,-52.381645,2.909541,419.0,354.0,65.0,1.1039208693327671,-1.1039208693327671
ARI,2023,Jonathan Gannon,2.5,4.0,9.0,True,PHI,def,NA,2023.0,-60.339794,-59.39656,-5.8184958,3430.0,2365.0,328.0,38.0,42.0,64.0,112.0,4186.0,3606.0,485.0,-60.339794,-5.749181,84.88932,116.4832,-17.157951,3846.0,2434.0,365.0,52.0,33.0,60.0,80.0,4101.0,4348.0,784.0,84.88932,-4.1122775,330.0,455.0,-125.0,-2.259430781185497,2.259430781185497,-133.25948,-63.047913,-31.232975,3966.0,1873.0,326.0,34.0,46.0,68.0,111.0,4604.0,3847.0,542.0,-125.38894,-1.2347614,-2.074956,37.6428,-23.83623,4181.0,2016.0,360.0,55.0,36.0,71.0,100.0,3416.0,4256.0,767.0,10.444541,1.9518294,340.0,449.0,-109.0,-2.271265031915719,2.271265031915719,72.91968,3.651352,25.414478,-536.0,492.0,2.0,4.0,-4.0,-4.0,1.0,-418.0,-241.0,-57.0,65.04915,-4.5144196,86.96428,78.8404,6.678278,-335.0,418.0,5.0,-3.0,-3.0,-11.0,-20.0,685.0,92.0,17.0,74.44478,-6.064107,-10.0,6.0,-16.0,0.011834250730222262,-0.011834250730222262,81.39127,78.45314,36.614162,4364.0,2509.0,380.0,60.0,44.0,56.0,97.0,4442.0,4358.0,665.0,116.06082,-0.6121818,-71.20538,-60.588547,-9.362383,3548.0,2068.0,323.0,39.0,70.0,73.0,88.0,3894.0,4027.0,684.0,-71.20538,-3.7015388,477.0,344.0,133.0,2.337493461817521,-2.337493461817521
BUF,2023,Sean McDermott,10.0,5.0,50.0,True,BUF,def,NA,2023.0,87.38964,107.117805,4.6679287,4306.0,2212.0,379.0,52.0,24.0,51.0,89.0,5022.0,4144.0,690.0,105.60131,1.1976084,-70.144424,-28.889088,-24.933668,3676.0,1880.0,309.0,36.0,54.0,71.0,116.0,3743.0,3635.0,553.0,-45.4728,0.42247206,451.0,311.0,140.0,2.309699539741251,-2.309699539741251,118.45076,141.3848,-23.193167,4291.0,2232.0,364.0,53.0,33.0,46.0,80.0,5286.0,3958.0,630.0,130.96141,6.4786463,-76.51417,-6.0617924,-42.25554,3721.0,1673.0,310.0,32.0,40.0,63.0,101.0,4095.0,3806.0,596.0,-76.51417,0.7923011,455.0,286.0,169.0,3.2895505043959643,-3.2895505043959643,-31.06112,-34.26699,27.861095,15.0,-20.0,15.0,-1.0,-9.0,5.0,9.0,-264.0,186.0,60.0,-25.3601,-5.281038,6.3697433,-22.827295,17.32187,-45.0,207.0,-1.0,4.0,14.0,8.0,15.0,-352.0,-171.0,-43.0,31.041367,-0.36982906,-4.0,25.0,-29.0,-0.9798509646547133,0.9798509646547133,118.45076,141.3848,-23.193167,4291.0,2232.0,364.0,53.0,33.0,46.0,80.0,5286.0,3958.0,630.0,130.96141,6.4786463,-76.51417,-6.0617924,-42.25554,3721.0,1673.0,310.0,32.0,40.0,63.0,101.0,4095.0,3806.0,596.0,-76.51417,0.7923011,455.0,286.0,169.0,3.2895505043959643,-3.2895505043959643
CAR,2023,Frank Reich,9.0,4.0,36.0,False,IND,off,False,2023.0,-186.55086,-116.73253,-62.721855,3245.0,1769.0,293.0,25.0,65.0,82.0,115.0,4482.0,3557.0,453.0,-179.26514,-4.83496,20.510551,18.521467,11.096327,3109.0,2081.0,309.0,47.0,27.0,81.0,77.0,3481.0,3451.0,624.0,26.060863,-3.3356605,236.0,416.0,-180.0,-2.7859057004520964,2.7859057004520964,-45.74315,-34.405487,-3.269725,3246.0,2210.0,277.0,35.0,36.0,81.0,101.0,3321.0,2859.0,448.0,-39.205597,-8.0856,-22.054663,46.362682,-37.26683,4098.0,2085.0,343.0,45.0,35.0,78.0,107.0,4653.0,4014.0,646.0,-8.90551,-2.886536,347.0,374.0,-27.0,-0.46176506610898216,0.46176506610898216,-140.80771,-82.32704,-59.45213,-1.0,-441.0,16.0,-10.0,29.0,1.0,14.0,1161.0,698.0,5.0,-140.05954,3.25064,42.565216,-27.841215,48.36316,-989.0,-4.0,-34.0,2.0,-8.0,3.0,-30.0,-1172.0,-563.0,-22.0,34.966373,-0.44912457,-111.0,42.0,-153.0,-2.3241406343431144,2.3241406343431144,-198.97484,-102.88666,-75.15645,3855.0,1866.0,310.0,30.0,60.0,71.0,90.0,3837.0,3209.0,501.0,-181.44305,-3.483107,-47.64923,29.008131,-47.581192,3836.0,2109.0,340.0,48.0,44.0,75.0,88.0,3837.0,3964.0,606.0,-32.128235,-3.3257964,289.0,427.0,-138.0,-2.6061229808389874,2.6061229808389874
IND,2023,Shane Steichen,5.0,6.0,30.0,True,PHI,off,NA,2023.0,-53.620415,21.577154,-48.489643,3882.0,2059.0,320.0,38.0,41.0,69.0,97.0,4255.0,3479.0,630.0,-48.559513,-3.369671,-23.844423,20.633781,-38.245728,4157.0,2105.0,340.0,48.0,51.0,73.0,98.0,4336.0,3973.0,620.0,-18.570185,-4.6345596,396.0,415.0,-19.0,-0.5395540090020163,0.5395540090020163,-198.97484,-102.88666,-75.15645,3855.0,1866.0,310.0,30.0,60.0,71.0,90.0,3837.0,3209.0,501.0,-181.44305,-3.483107,-47.64923,29.008131,-47.581192,3836.0,2109.0,340.0,48.0,44.0,75.0,88.0,3837.0,3964.0,606.0,-32.128235,-3.3257964,289.0,427.0,-138.0,-2.6061229808389874,2.6061229808389874,145.35443,124.46381,26.666805,27.0,193.0,10.0,8.0,-19.0,-2.0,7.0,418.0,270.0,129.0,132.88354,0.11343598,23.804808,-8.37435,9.3354645,321.0,-4.0,0.0,0.0,7.0,-2.0,10.0,499.0,9.0,14.0,13.55805,-1.3087633,107.0,-12.0,119.0,2.066568971836971,-2.066568971836971,81.39127,78.45314,36.614162,4364.0,2509.0,380.0,60.0,44.0,56.0,97.0,4442.0,4358.0,665.0,116.06082,-0.6121818,-71.20538,-60.588547,-9.362383,3548.0,2068.0,323.0,39.0,70.0,73.0,88.0,3894.0,4027.0,684.0,-71.20538,-3.7015388,477.0,344.0,133.0,2.337493461817521,-2.337493461817521
NE,2023,Bill Belichick,20.0,4.0,80.0,False,NE,def,False,2023.0,-250.68614,-147.0946,-51.792606,3392.0,1627.0,256.0,31.0,48.0,98.0,76.0,4096.0,2635.0,356.0,-232.54106,-3.465248,-92.354744,22.321701,-80.800705,3791.0,1584.0,304.0,34.0,36.0,86.0,88.0,4725.0,3412.0,544.0,-87.95429,0.09009609,236.0,366.0,-130.0,-1.7840027014494784,1.7840027014494784,-95.810425,-18.392338,-31.872805,3815.0,1832.0,287.0,33.0,41.0,80.0,95.0,4111.0,2865.0,442.0,-83.315414,-0.736938,-125.83183,-54.359085,-40.40282,4029.0,1793.0,309.0,46.0,54.0,71.0,98.0,5311.0,3602.0,597.0,-104.87935,-0.27141905,364.0,347.0,17.0,0.42591781216653063,-0.42591781216653063,-154.87572,-128.70227,-19.919802,-423.0,-205.0,-31.0,-2.0,7.0,18.0,-19.0,-15.0,-230.0,-86.0,-149.22565,-2.72831,33.47709,76.680786,-40.397884,-238.0,-209.0,-5.0,-12.0,-18.0,15.0,-10.0,-586.0,-190.0,-53.0,16.925056,0.36151513,-128.0,19.0,-147.0,-2.209920513616009,2.209920513616009,-95.810425,-18.392338,-31.872805,3815.0,1832.0,287.0,33.0,41.0,80.0,95.0,4111.0,2865.0,442.0,-83.315414,-0.736938,-125.83183,-54.359085,-40.40282,4029.0,1793.0,309.0,46.0,54.0,71.0,98.0,5311.0,3602.0,597.0,-104.87935,-0.27141905,364.0,347.0,17.0,0.42591781216653063,-0.42591781216653063
ATL,2024,Raheem Morris,2.5,4.0,10.0,True,ATL,def,NA,2024.0,16.097038,51.11596,-4.970702,4283.0,2219.0,359.0,42.0,32.0,47.0,105.0,4466.0,3812.0,593.0,21.446669,-7.4954157,61.290733,76.23264,-27.586073,4004.0,2051.0,344.0,48.0,31.0,53.0,116.0,4106.0,4329.0,754.0,61.290733,0.67783886,389.0,423.0,-34.0,-0.6453248259203156,0.6453248259203156,-123.02435,-14.968768,-84.15217,3775.0,2159.0,322.0,32.0,40.0,75.0,93.0,4345.0,3515.0,519.0,-116.35052,-9.170149,-61.994328,35.675053,-87.226036,3707.0,2009.0,318.0,36.0,42.0,78.0,95.0,4708.0,3723.0,602.0,-56.776836,-3.8688154,321.0,373.0,-52.0,-0.7415400045913928,0.7415400045913928,139.1214,66.084724,79.181465,508.0,60.0,37.0,10.0,-8.0,-28.0,12.0,121.0,297.0,74.0,137.79718,1.6747332,123.285065,40.55759,59.63996,297.0,42.0,26.0,12.0,-11.0,-25.0,21.0,-602.0,606.0,152.0,118.067566,4.546654,68.0,50.0,18.0,0.0962151786710772,-0.0962151786710772,-123.02435,-14.968768,-84.15217,3775.0,2159.0,322.0,32.0,40.0,75.0,93.0,4345.0,3515.0,519.0,-116.35052,-9.170149,-61.994328,35.675053,-87.226036,3707.0,2009.0,318.0,36.0,42.0,78.0,95.0,4708.0,3723.0,602.0,-56.776836,-3.8688154,321.0,373.0,-52.0,-0.7415400045913928,0.7415400045913928
CHI,2025,Ben Johnson,13.0,5.0,65.0,True,DET,off,NA,,,,,,,,,,,,,,,,,,,,,,,,,,,,,,,,,,,,,-84.93585,-39.413193,-20.26696,3421.0,2399.0,319.0,40.0,50.0,67.0,87.0,3775.0,3395.0,532.0,-71.312706,-4.493492,-75.09248,27.418926,-54.68828,4245.0,1468.0,305.0,41.0,30.0,62.0,84.0,4336.0,3405.0,517.0,-65.33606,0.28475478,360.0,379.0,-19.0,-0.31910441680088764,0.31910441680088764,,,,,,,,,,,,,,,,,,,,,,,,,,,,,,,,,,,,197.48338,164.69078,9.922181,4718.0,2488.0,403.0,69.0,33.0,45.0,82.0,3487.0,4273.0,755.0,209.57841,-3.2838182,-52.880093,-11.893242,-37.15083,4404.0,1672.0,326.0,38.0,37.0,59.0,138.0,5483.0,3663.0,623.0,-19.305042,2.098705,564.0,342.0,222.0,3.1655773191401058,-3.1655773191401058
JAX,2025,Liam Coen,12.0,5.0,60.0,True,TB,off,NA,,,,,,,,,,,,,,,,,,,,,,,,,,,,,,,,,,,,,-42.4213,37.45077,-74.14749,4377.0,1646.0,334.0,40.0,41.0,61.0,107.0,4981.0,3442.0,505.0,-15.529568,3.0269372,-53.740013,-15.842407,-25.814833,4355.0,1751.0,312.0,45.0,40.0,71.0,84.0,4513.0,3499.0,573.0,-34.199528,2.0827153,377.0,371.0,6.0,0.07774588638322165,-0.07774588638322165,,,,,,,,,,,,,,,,,,,,,,,,,,,,,,,,,,,,144.45802,143.71614,5.227996,4505.0,2536.0,386.0,58.0,40.0,50.0,107.0,3968.0,4156.0,745.0,152.87698,0.21737409,6.027959,69.55873,-51.36798,4464.0,1663.0,332.0,42.0,46.0,59.0,95.0,4902.0,3790.0,637.0,22.282146,2.228015,502.0,385.0,117.0,1.5426715481936533,-1.5426715481936533
KC,2025,Andy Reid,20.0,5.0,100.0,True,KC,off,NA,,,,,,,,,,,,,,,,,,,,,,,,,,,,,,,,,,,,,-4.150571,62.253063,-39.756912,4383.0,1783.0,347.0,40.0,28.0,59.0,95.0,4095.0,3774.0,666.0,21.96342,6.909791,-94.504074,-68.169395,-11.141442,3352.0,1925.0,299.0,31.0,57.0,79.0,74.0,4116.0,3554.0,590.0,-69.80013,-0.09933025,371.0,294.0,77.0,1.5371897436671271,-1.5371897436671271,,,,,,,,,,,,,,,,,,,,,,,,,,,,,,,,,,,,73.85005,100.72236,-23.357557,4046.0,1790.0,349.0,41.0,41.0,62.0,95.0,3806.0,4143.0,764.0,77.52511,5.6331973,-0.55755734,49.004562,-42.842125,3970.0,1731.0,323.0,38.0,39.0,60.0,106.0,4289.0,4057.0,718.0,2.1830385,-1.1135675,385.0,326.0,59.0,1.1526800731044202,-1.1526800731044202
MIN,2025,Kevin O'Connell,13.0,5.0,65.0,True,MIN,off,NA,,,,,,,,,,,,,,,,,,,,,,,,,,,,,,,,,,,,,-66.41225,30.542812,-57.278656,4700.0,1553.0,335.0,38.0,47.0,60.0,114.0,4930.0,3721.0,590.0,-48.358955,2.6916058,-45.830925,15.925407,-35.99407,4288.0,1678.0,327.0,39.0,43.0,69.0,86.0,4404.0,4053.0,612.0,-36.30766,0.60638344,344.0,362.0,-18.0,-0.20108876028700035,0.20108876028700035,,,,,,,,,,,,,,,,,,,,,,,,,,,,,,,,,,,,31.76612,89.70318,-49.40067,4379.0,1855.0,348.0,45.0,49.0,57.0,123.0,4625.0,3669.0,621.0,45.49992,4.717806,-104.044495,-25.069912,-74.97362,4459.0,1588.0,321.0,39.0,49.0,64.0,127.0,4930.0,3752.0,583.0,-100.042625,-1.9465463,432.0,332.0,100.0,1.6469012091981752,-1.6469012091981752
